,date,open,close,high,low,vol,Turnover,Amplitude,ChangePercent,ChangeAmount,TurnoverRate,OpenAmplitude,CloseAmplitude,NextOpenAmplitude
0,2022-03-18,2.058,2.198,2.206,1.988,2588658,198178992.0,10.42,5.07,0.106,8.86,,,-0.9099181073703375
1,2022-03-21,2.178,2.178,2.192,2.136,2257087,175258329.0,2.55,-0.91,-0.02,7.73,-0.9099181073703375,-0.9099181073703375,-0.6427915518824514
2,2022-03-22,2.164,2.265,2.285,2.134,3296924,262878275.0,6.93,3.99,0.087,11.29,-0.6427915518824514,3.9944903581267304,-0.6181015452538735
3,2022-03-23,2.251,2.31,2.343,2.229,2858144,233566745.0,5.03,1.99,0.045,9.78,-0.6181015452538735,1.9867549668874138,-1.6883116883116944
4,2022-03-24,2.271,2.268,2.312,2.259,2036824,166917218.0,2.29,-1.82,-0.042,6.97,-1.6883116883116944,-1.8181818181818292,-0.6172839506172747
5,2022-03-25,2.254,2.273,2.318,2.231,2702592,220696279.0,3.84,0.22,0.005,9.25,-0.6172839506172747,0.22045855379190205,-0.4839419269687691
6,2022-03-28,2.262,2.326,2.349,2.245,2561884,212005451.0,4.58,2.33,0.053,8.77,-0.4839419269687691,2.3317201935767677,-1.074806534823728
7,2022-03-29,2.301,2.276,2.326,2.262,3838777,314412896.0,2.75,-2.15,-0.05,13.14,-1.074806534823728,-2.149613069647475,0.0
8,2022-03-30,2.276,2.413,2.444,2.276,3894929,331131664.0,7.38,6.02,0.137,13.33,0.0,6.019332161687172,-0.4558640696228627
9,2022-03-31,2.402,2.438,2.505,2.393,4644688,406238896.0,4.64,1.04,0.025,15.9,-0.4558640696228627,1.0360547036883696,-1.3535684987694978
10,2022-04-01,2.405,2.511,2.527,2.396,3933143,344418656.0,5.37,2.99,0.073,13.46,-1.3535684987694978,2.9942575881870366,1.6726403823177942
11,2022-04-06,2.553,2.589,2.625,2.505,3961166,364048720.0,4.78,3.11,0.078,13.56,1.6726403823177942,3.1063321385901967,-1.931247585940511
12,2022-04-07,2.539,2.488,2.578,2.48,4369838,393868976.0,3.79,-3.9,-0.101,14.96,-1.931247585940511,-3.9011201235998447,-0.8842443729903455
13,2022-04-08,2.466,2.55,2.583,2.43,5403809,483220080.0,6.15,2.49,0.062,18.5,-0.8842443729903455,2.49196141479099,-1.7647058823529385
14,2022-04-11,2.505,2.458,2.527,2.441,5377143,476660112.0,3.37,-3.61,-0.092,18.41,-1.7647058823529385,-3.6078431372548883,-1.2611879576891838
15,2022-04-12,2.427,2.396,2.48,2.385,4210950,366626464.0,3.86,-2.52,-0.062,14.41,-1.2611879576891838,-2.5223759153783676,-1.502504173622706
16,2022-04-13,2.36,2.366,2.424,2.321,4236002,359389440.0,4.3,-1.25,-0.03,14.5,-1.502504173622706,-1.2520868113522456,0.21132713440405296
17,2022-04-14,2.371,2.458,2.488,2.36,5474269,474738336.0,5.41,3.89,0.092,18.74,0.21132713440405296,3.888419273034661,-1.5866558177380041
18,2022-04-15,2.419,2.458,2.536,2.419,5712010,508540640.0,4.76,0.0,0.0,19.55,-1.5866558177380041,0.0,-1.8307567127746287
19,2022-04-18,2.413,2.377,2.472,2.366,3879309,335537152.0,4.31,-3.3,-0.081,13.28,-1.8307567127746287,-3.2953620829943207,-1.3041649137568236
20,2022-04-19,2.346,2.385,2.407,2.312,4577366,387264736.0,4.0,0.34,0.008,15.67,-1.3041649137568236,0.3365586874211194,-0.3354297693920339
21,2022-04-20,2.377,2.271,2.385,2.251,4581138,377899280.0,5.62,-4.78,-0.114,15.68,-0.3354297693920339,-4.779874213836473,-1.1448701012769618
22,2022-04-21,2.245,2.212,2.276,2.198,5190238,416988848.0,3.43,-2.6,-0.059,17.77,-1.1448701012769618,-2.597974460590036,-1.4014466546112179
23,2022-04-22,2.181,2.223,2.248,2.156,3939760,313013744.0,4.16,0.5,0.011,13.49,-1.4014466546112179,0.49728752260396364,-1.4844804318488494
24,2022-04-25,2.19,2.1,2.243,2.095,4053316,316005104.0,6.66,-5.53,-0.123,13.87,-1.4844804318488494,-5.53306342780026,0.42857142857142366
25,2022-04-26,2.109,2.103,2.173,2.092,3324435,252692742.0,3.86,0.14,0.003,11.38,0.42857142857142366,0.14285714285714826,-0.6657156443176526
26,2022-04-27,2.089,2.072,2.114,2.014,5036337,371170960.0,4.76,-1.47,-0.031,17.24,-0.6657156443176526,-1.4740846409890696,-0.9169884169884231
27,2022-04-28,2.053,2.131,2.15,2.053,6655047,500950000.0,4.68,2.85,0.059,22.78,-0.9169884169884231,2.847490347490334,0.23463162834351659
28,2022-04-29,2.136,2.217,2.223,2.111,6284178,488342048.0,5.26,4.04,0.086,21.51,0.23463162834351659,4.035664007508227,0.5412719891745607
29,2022-05-05,2.229,2.195,2.24,2.148,6350570,497456672.0,4.15,-0.99,-0.022,21.74,0.5412719891745607,-0.9923319801533712,-2.687927107061491
30,2022-05-06,2.136,2.081,2.148,2.064,6127237,462579376.0,3.83,-5.19,-0.114,20.97,-2.687927107061491,-5.193621867881544,-0.9610764055742441
31,2022-05-09,2.061,2.106,2.131,2.061,3059978,230591561.0,3.36,1.2,0.025,10.47,-0.9610764055742441,1.2013455069677996,-1.4719848053181244
32,2022-05-10,2.075,2.123,2.139,2.047,3874890,290562128.0,4.37,0.81,0.017,13.26,-1.4719848053181244,0.8072174738841571,-0.42392840320303066
33,2022-05-11,2.114,2.111,2.148,2.095,3361053,254962776.0,2.5,-0.57,-0.012,11.51,-0.42392840320303066,-0.5652378709373532,-1.0421601136902054
34,2022-05-12,2.089,2.069,2.111,2.039,4233584,314145824.0,3.41,-1.99,-0.042,14.49,-1.0421601136902054,-1.9895783988631102,0.0
35,2022-05-13,2.069,2.176,2.178,2.061,5106126,387772336.0,5.65,5.17,0.107,17.48,0.0,5.171580473658782,3.3088235294117676
36,2022-05-16,2.248,2.206,2.251,2.159,5345066,420411792.0,4.23,1.38,0.03,18.3,3.3088235294117676,1.3786764705882262,-0.8612873980054456
37,2022-05-17,2.187,2.173,2.201,2.139,3710936,288075520.0,2.81,-1.5,-0.033,12.7,-0.8612873980054456,-1.4959202175883917,-0.27611596870686733
38,2022-05-18,2.167,2.156,2.184,2.134,2709853,209305937.0,2.3,-0.78,-0.017,9.28,-0.27611596870686733,-0.7823285780027568,-1.5306122448979553
39,2022-05-19,2.123,2.209,2.209,2.117,4356325,340441840.0,4.27,2.46,0.053,14.91,-1.5306122448979553,2.458256029684598,0.13580805794477654
40,2022-05-20,2.212,2.181,2.231,2.164,7402193,579474736.0,3.03,-1.27,-0.028,25.34,0.13580805794477654,-1.2675418741512008,-0.36680421824851017
41,2022-05-23,2.173,2.139,2.181,2.128,5513481,424187664.0,2.43,-1.93,-0.042,18.87,-0.36680421824851017,-1.9257221458046887,-0.14025245441793688
42,2022-05-24,2.136,2.083,2.142,2.081,5993837,453569664.0,2.85,-2.62,-0.056,20.52,-0.14025245441793688,-2.618045815801758,0.0
43,2022-05-25,2.083,2.1,2.106,2.061,3406652,254715767.0,2.16,0.82,0.017,11.66,0.0,0.8161305808929382,-0.14285714285714826
44,2022-05-26,2.097,2.12,2.139,2.095,3768351,285705280.0,2.1,0.95,0.02,12.9,-0.14285714285714826,0.9523809523809532,0.0
45,2022-05-27,2.12,2.109,2.125,2.095,3323223,250752737.0,1.42,-0.52,-0.011,11.38,0.0,-0.5188679245283075,-0.1422475106685687
46,2022-05-30,2.106,2.089,2.123,2.075,3608989,270673520.0,2.28,-0.95,-0.02,12.35,-0.1422475106685687,-0.9483167377904228,-0.2872187649593003
47,2022-05-31,2.083,2.089,2.092,2.058,4978182,370695680.0,1.63,0.0,0.0,17.04,-0.2872187649593003,0.0,-0.1436093824796608
48,2022-06-01,2.086,2.095,2.109,2.069,4945088,370171248.0,1.91,0.29,0.006,16.93,-0.1436093824796608,0.2872187649593216,-0.42959427207638856
49,2022-06-02,2.086,2.064,2.092,2.058,5173496,383274928.0,1.62,-1.48,-0.031,17.71,-0.42959427207638856,-1.4797136038186223,-0.38759689922480656
50,2022-06-06,2.056,2.053,2.064,2.008,7299027,529703824.0,2.71,-0.53,-0.011,24.99,-0.38759689922480656,-0.5329457364341144,-0.5358012664393629
51,2022-06-07,2.042,2.078,2.078,2.039,4950648,365152736.0,1.9,1.22,0.025,16.95,-0.5358012664393629,1.2177301509985343,-0.4331087584215542
52,2022-06-08,2.069,2.056,2.075,2.03,5661776,416536640.0,2.17,-1.06,-0.022,19.38,-0.4331087584215542,-1.0587102983638017,-0.5836575875486386
53,2022-06-09,2.044,2.061,2.086,2.044,5440721,403547728.0,2.04,0.24,0.005,18.62,-0.5836575875486386,0.24319066147859403,-0.6792819019893154
54,2022-06-10,2.047,2.064,2.069,2.042,4222349,311015392.0,1.31,0.15,0.003,14.45,-0.6792819019893154,0.1455604075691467,-0.8236434108527085
55,2022-06-13,2.047,2.005,2.053,1.997,5082274,367300384.0,2.71,-2.86,-0.059,17.4,-0.8236434108527085,-2.8585271317829535,-0.8478802992518656
56,2022-06-14,1.988,2.036,2.039,1.988,6019966,434394608.0,2.54,1.55,0.031,20.61,-0.8478802992518656,1.5461346633416528,0.147347740667982
57,2022-06-15,2.039,2.095,2.125,2.03,9770233,731641232.0,4.67,2.9,0.059,33.44,0.147347740667982,2.8978388998035443,0.09546539379473888
58,2022-06-16,2.097,2.078,2.111,2.067,6008123,448825856.0,2.1,-0.81,-0.017,20.57,0.09546539379473888,-0.8114558472553866,-0.5293551491818901
59,2022-06-17,2.067,2.067,2.081,2.042,3516780,259632272.0,1.88,-0.53,-0.011,12.04,-0.5293551491818901,-0.5293551491818901,0.0967585873246144
60,2022-06-20,2.069,2.109,2.117,2.067,6330890,476319472.0,2.42,2.03,0.042,21.67,0.0967585873246144,2.031930333817117,0.0
61,2022-06-21,2.109,2.114,2.162,2.1,6224299,475524416.0,2.94,0.24,0.005,21.31,0.0,0.23707918444760046,0.14191106906339232
62,2022-06-22,2.117,2.081,2.125,2.078,3702792,278162256.0,2.22,-1.56,-0.033,12.67,0.14191106906339232,-1.5610217596972527,-0.14416146083614192
63,2022-06-23,2.078,2.12,2.123,2.064,4186413,314233920.0,2.84,1.87,0.039,14.33,-0.14416146083614192,1.8740989908697812,0.0
64,2022-06-24,2.12,2.1,2.123,2.086,6183599,464738704.0,1.75,-0.94,-0.02,21.17,0.0,-0.9433962264150951,0.14285714285714826
65,2022-06-27,2.103,2.111,2.125,2.089,7348811,554546512.0,1.71,0.52,0.011,25.16,0.14285714285714826,0.5238095238095295,-0.5210800568451027
66,2022-06-28,2.1,2.097,2.111,2.083,6516216,488385584.0,1.33,-0.66,-0.014,22.31,-0.5210800568451027,-0.6631927996210437,-0.09537434430137243
67,2022-06-29,2.095,2.164,2.187,2.095,10092267,778951232.0,4.39,3.2,0.067,34.55,-0.09537434430137243,3.195040534096336,0.277264325323465
68,2022-06-30,2.17,2.187,2.209,2.148,11125235,867140464.0,2.82,1.06,0.023,38.08,0.277264325323465,1.0628465804066398,0.0
69,2022-07-01,2.187,2.173,2.212,2.173,4802165,376700688.0,1.78,-0.64,-0.014,16.44,0.0,-0.6401463191586553,-0.27611596870686733
70,2022-07-04,2.167,2.164,2.178,2.142,5595369,432004880.0,1.66,-0.41,-0.009,19.15,-0.27611596870686733,-0.4141739530602806,-0.23105360443624479
71,2022-07-05,2.159,2.139,2.167,2.117,6351428,486986208.0,2.31,-1.16,-0.025,21.74,-0.23105360443624479,-1.1552680221811624,-0.748013090229059
72,2022-07-06,2.123,2.095,2.139,2.075,7900883,594663728.0,2.99,-2.06,-0.044,27.05,-0.748013090229059,-2.0570359981299484,-0.14319809069212952
73,2022-07-07,2.092,2.095,2.12,2.086,4676767,351502960.0,1.62,0.0,0.0,16.01,-0.14319809069212952,0.0,0.0
74,2022-07-08,2.095,2.1,2.12,2.083,4294136,323134448.0,1.77,0.24,0.005,14.7,0.0,0.23866348448686842,-0.5238095238095295
75,2022-07-11,2.089,2.069,2.103,2.058,4483974,333200688.0,2.14,-1.48,-0.031,15.35,-0.5238095238095295,-1.4761904761904827,-0.09666505558239631
76,2022-07-12,2.067,2.081,2.097,2.061,3238969,241228956.0,1.74,0.58,0.012,11.09,-0.09666505558239631,0.5799903334944423,-0.14416146083614192
77,2022-07-13,2.078,2.097,2.134,2.078,4928103,371759445.0,2.69,0.77,0.016,16.87,-0.14416146083614192,0.7688611244593953,-0.7629947544110641
78,2022-07-14,2.081,2.067,2.089,2.047,5783019,427974455.0,2.0,-1.43,-0.03,19.8,-0.7629947544110641,-1.4306151645207346,-0.5321722302854436
79,2022-07-15,2.056,1.975,2.058,1.969,8416397,601778637.0,4.31,-4.45,-0.092,28.81,-0.5321722302854436,-4.450895016932757,-0.45569620253165155
80,2022-07-18,1.966,2.03,2.036,1.963,5868102,422655362.0,3.7,2.78,0.055,20.09,-0.45569620253165155,2.784810126582264,-0.5418719211822501
81,2022-07-19,2.019,2.039,2.042,2.011,2754572,200239626.0,1.53,0.44,0.009,9.43,-0.5418719211822501,0.4433497536945981,0.0
82,2022-07-20,2.039,2.042,2.053,2.033,2035851,148796038.0,0.98,0.15,0.003,6.97,0.0,0.14713094654240655,-0.5876591576885413
83,2022-07-21,2.03,2.016,2.039,2.005,4009447,289551134.0,1.67,-1.27,-0.026,13.72,-0.5876591576885413,-1.273261508325162,0.14880952380952944
84,2022-07-22,2.019,2.008,2.028,1.988,3251855,233820510.0,1.98,-0.4,-0.008,11.13,0.14880952380952944,-0.39682539682539714,0.0
85,2022-07-25,2.008,2.025,2.053,2.005,3872540,281831973.0,2.39,0.85,0.017,13.26,0.0,0.8466135458167283,0.14814814814815377
86,2022-07-26,2.028,2.109,2.114,2.022,5297954,395163014.0,4.54,4.15,0.084,18.14,0.14814814814815377,4.148148148148152,-0.426742532005685
87,2022-07-27,2.1,2.1,2.111,2.075,5366920,403409649.0,1.71,-0.43,-0.009,18.37,-0.426742532005685,-0.426742532005685,-0.14285714285714826
88,2022-07-28,2.097,2.109,2.136,2.086,4170923,314557592.0,2.38,0.43,0.009,14.28,-0.14285714285714826,0.42857142857142366,-0.28449502133711635
89,2022-07-29,2.103,2.069,2.106,2.067,5318743,396034269.0,1.85,-1.9,-0.04,18.21,-0.28449502133711635,-1.8966334755808456,-0.09666505558239631
90,2022-08-01,2.067,2.053,2.072,2.033,3821163,280763395.0,1.88,-0.77,-0.016,13.08,-0.09666505558239631,-0.7733204446592564,-0.6819288845591716
91,2022-08-02,2.039,1.988,2.148,1.966,4759806,340154001.0,8.87,-3.17,-0.065,16.29,-0.6819288845591716,-3.1660983925961985,0.0
92,2022-08-03,1.988,1.944,2.011,1.938,3603559,254565480.0,3.67,-2.21,-0.044,12.34,0.0,-2.2132796780684125,0.2572016460905409
93,2022-08-04,1.949,1.958,1.966,1.93,2945125,205598906.0,1.85,0.72,0.014,10.08,0.2572016460905409,0.7201646090534986,0.15321756894791183
94,2022-08-05,1.961,1.991,1.991,1.955,4195720,297027920.0,1.84,1.69,0.033,14.36,0.15321756894791183,1.6853932584269735,0.3013561024610751
95,2022-08-08,1.997,2.0,2.039,1.986,2793490,200520208.0,2.66,0.45,0.009,9.56,0.3013561024610751,0.45203415369160704,-0.30000000000000027
96,2022-08-09,1.994,1.991,2.014,1.972,2680913,191100631.0,2.1,-0.45,-0.009,9.18,-0.30000000000000027,-0.44999999999999485,-0.15067805123054312
97,2022-08-10,1.988,1.98,2.0,1.972,2225439,157959211.0,1.41,-0.55,-0.011,7.62,-0.15067805123054312,-0.5524861878453099,0.3030303030303033
98,2022-08-11,1.986,2.011,2.011,1.986,2353367,168614009.0,1.26,1.57,0.031,8.06,0.3030303030303033,1.5656565656565726,-0.29835902536052844
99,2022-08-12,2.005,2.019,2.033,1.994,2735910,197635873.0,1.94,0.4,0.008,9.37,-0.29835902536052844,0.3978120338140232,0.0
100,2022-08-15,2.019,2.016,2.044,2.008,2529002,183188342.0,1.78,-0.15,-0.003,8.66,0.0,-0.14858841010401752,0.29761904761903685
101,2022-08-16,2.022,2.05,2.058,2.022,2963930,216677836.0,1.79,1.69,0.034,10.15,0.29761904761903685,1.686507936507927,-0.29268292682925773
102,2022-08-17,2.044,2.078,2.095,2.033,2793292,206784477.0,3.02,1.37,0.028,9.56,-0.29268292682925773,1.3658536585365868,-0.4331087584215542
103,2022-08-18,2.069,2.056,2.075,2.042,1991565,146549905.0,1.59,-1.06,-0.022,6.82,-0.4331087584215542,-1.0587102983638017,0.0
104,2022-08-19,2.056,2.078,2.109,2.05,4210288,313976303.0,2.87,1.07,0.022,14.41,0.0,1.0700389105058268,0.1443695861405252
105,2022-08-22,2.081,2.095,2.106,2.061,2564499,191714601.0,2.17,0.82,0.017,8.78,0.1443695861405252,0.8180943214629619,-0.14319809069212952
106,2022-08-23,2.092,2.078,2.1,2.064,2008194,149276374.0,1.72,-0.81,-0.017,6.87,-0.14319809069212952,-0.8114558472553866,-0.288739172281029
107,2022-08-24,2.072,2.042,2.078,2.033,2971471,218959364.0,2.17,-1.73,-0.036,10.17,-0.288739172281029,-1.7324350336862384,0.5386875612145016
108,2022-08-25,2.053,2.064,2.072,2.036,3602888,265476231.0,1.76,1.08,0.022,12.33,0.5386875612145016,1.0773751224290031,-0.14534883720930783
109,2022-08-26,2.061,2.047,2.069,2.042,2542069,186902292.0,1.31,-0.82,-0.017,8.7,-0.14534883720930783,-0.8236434108527085,-0.8304836345872177
110,2022-08-29,2.03,2.05,2.05,2.011,1736592,125996406.0,1.91,0.15,0.003,5.94,-0.8304836345872177,0.14655593551537222,-0.29268292682925773
111,2022-08-30,2.044,2.067,2.075,2.042,2568815,189844483.0,1.61,0.83,0.017,8.79,-0.29268292682925773,0.8292682926829439,0.0967585873246144
112,2022-08-31,2.069,2.061,2.1,2.061,2304410,171555596.0,1.89,-0.29,-0.006,7.89,0.0967585873246144,-0.29027576197388616,-0.1455604075691467
113,2022-09-01,2.058,2.089,2.128,2.056,3265553,245373474.0,3.49,1.36,0.028,11.18,-0.1455604075691467,1.3585638039786523,-0.2872187649593003
114,2022-09-02,2.083,2.083,2.089,2.064,1400231,103957256.0,1.2,-0.29,-0.006,4.79,-0.2872187649593003,-0.2872187649593003,-0.24003840614499938
115,2022-09-05,2.078,2.114,2.117,2.067,3538518,264807051.0,2.4,1.49,0.031,12.11,-0.24003840614499938,1.488238118098881,-0.2365184484389732
116,2022-09-06,2.109,2.156,2.167,2.103,5314915,408724597.0,3.03,1.99,0.042,18.19,-0.2365184484389732,1.9867549668874294,-0.3710575139146571
117,2022-09-07,2.148,2.156,2.173,2.128,3047641,235405209.0,2.09,0.0,0.0,10.43,-0.3710575139146571,0.0,0.13914656771798095
118,2022-09-08,2.159,2.156,2.176,2.134,2225999,171569719.0,1.95,0.0,0.0,7.62,0.13914656771798095,0.0,-0.2782931354360031
119,2022-09-09,2.15,2.229,2.234,2.15,6046435,479125210.0,3.9,3.39,0.073,20.7,-0.2782931354360031,3.385899814471241,-0.628084342754609
120,2022-09-13,2.215,2.178,2.229,2.167,4104880,322296124.0,2.78,-2.29,-0.051,14.05,-0.628084342754609,-2.28802153432033,-1.0101010101010008
121,2022-09-14,2.156,2.176,2.212,2.153,4610720,360567597.0,2.71,-0.09,-0.002,15.78,-1.0101010101010008,-0.09182736455462717,0.22977941176470099
122,2022-09-15,2.181,2.223,2.24,2.176,6215602,492955129.0,2.94,2.16,0.047,21.28,0.22977941176470099,2.1599264705882217,-0.8547008547008406
123,2022-09-16,2.204,2.136,2.22,2.131,3347140,260421130.0,4.0,-3.91,-0.087,11.46,-0.8547008547008406,-3.913630229419692,-0.7490636704119856
124,2022-09-19,2.12,2.139,2.145,2.092,3380322,257629810.0,2.48,0.14,0.003,11.57,-0.7490636704119856,0.1404494382022317,-0.37400654511453985
125,2022-09-20,2.131,2.106,2.167,2.095,2952103,224521081.0,3.37,-1.54,-0.033,10.11,-0.37400654511453985,-1.5427769985974717,-0.5223171889838403
126,2022-09-21,2.095,2.134,2.153,2.069,4872381,370483427.0,3.99,1.33,0.028,16.68,-0.5223171889838403,1.3295346628679974,-0.6560449859418833
127,2022-09-22,2.12,2.1,2.136,2.086,2140328,161125159.0,2.34,-1.59,-0.034,7.33,-0.6560449859418833,-1.5932521087160172,-0.809523809523805
128,2022-09-23,2.083,2.081,2.145,2.078,3998684,301705372.0,3.19,-0.9,-0.019,13.69,-0.809523809523805,-0.9047619047619108,0.09610764055743508
129,2022-09-26,2.083,2.056,2.12,2.053,2509078,187348630.0,3.22,-1.2,-0.025,8.59,0.09610764055743508,-1.2013455069677996,0.09727626459142898
130,2022-09-27,2.058,2.083,2.086,2.022,2186297,160516231.0,3.11,1.31,0.027,7.48,0.09727626459142898,1.3132295719844425,-0.7681228996639469
131,2022-09-28,2.067,2.03,2.072,2.028,2566870,188730516.0,2.11,-2.54,-0.053,8.79,-0.7681228996639469,-2.5444071051368398,0.6896551724138047
132,2022-09-29,2.044,1.994,2.044,1.98,2373546,170987761.0,3.15,-1.77,-0.036,8.12,0.6896551724138047,-1.7733990147783159,0.8525576730190635
133,2022-09-30,2.011,2.016,2.053,1.986,4057393,293133194.0,3.36,1.1,0.022,13.89,0.8525576730190635,1.1033099297893691,0.29761904761903685
134,2022-10-10,2.022,2.022,2.081,2.019,4014493,293642161.0,3.08,0.3,0.006,13.74,0.29761904761903685,0.29761904761903685,-0.14836795252223886
135,2022-10-11,2.019,1.983,2.028,1.972,3297531,234522941.0,2.77,-1.93,-0.039,11.29,-0.14836795252223886,-1.9287833827893028,-0.3025718608169443
136,2022-10-12,1.977,2.016,2.025,1.961,3962064,282719919.0,3.23,1.66,0.033,13.56,-0.3025718608169443,1.664145234493188,-0.6944444444444561
137,2022-10-13,2.002,1.991,2.002,1.952,2711109,191253259.0,2.48,-1.24,-0.025,9.28,-0.6944444444444561,-1.2400793650793607,-0.2511300853842348
138,2022-10-14,1.986,2.0,2.033,1.986,3996651,286465896.0,2.36,0.45,0.009,13.68,-0.2511300853842348,0.45203415369160704,-0.44999999999999485
139,2022-10-17,1.991,2.0,2.002,1.933,4161623,293523840.0,3.45,0.0,0.0,14.25,-0.44999999999999485,0.0,0.0
140,2022-10-18,2.0,1.975,2.008,1.961,3797014,269479197.0,2.35,-1.25,-0.025,13.0,0.0,-1.2499999999999956,-0.15189873417722094
141,2022-10-19,1.972,1.963,1.991,1.961,3011628,212597496.0,1.52,-0.61,-0.012,10.31,-0.15189873417722094,-0.6075949367088612,-0.713194090677535
142,2022-10-20,1.949,1.952,1.963,1.935,3562982,248317833.0,1.43,-0.56,-0.011,12.2,-0.713194090677535,-0.5603667855323546,0.717213114754099
143,2022-10-21,1.966,1.949,1.977,1.944,3489010,245228250.0,1.69,-0.15,-0.003,11.94,0.717213114754099,-0.1536885245901584,-0.41046690610569553
144,2022-10-24,1.941,1.877,1.944,1.871,3428207,233704780.0,3.75,-3.69,-0.072,11.74,-0.41046690610569553,-3.69420215495126,-0.3196590303676082
145,2022-10-25,1.871,1.857,1.882,1.843,2515937,167425755.0,2.08,-1.07,-0.02,8.61,-0.3196590303676082,-1.0655301012253604,0.3231017770597741
146,2022-10-26,1.863,1.849,1.871,1.826,3481672,229872319.0,2.42,-0.43,-0.008,11.92,0.3231017770597741,-0.4308023694130321,0.0
147,2022-10-27,1.849,1.86,1.874,1.84,2498279,166294272.0,1.84,0.59,0.011,8.55,0.0,0.5949161709031975,-0.5913978494623721
148,2022-10-28,1.849,1.79,1.86,1.785,2625119,171163199.0,4.03,-3.76,-0.07,8.99,-0.5913978494623721,-3.7634408602150566,-1.22905027932961
149,2022-10-31,1.768,1.737,1.768,1.718,3536104,220666550.0,2.79,-2.96,-0.053,12.1,-1.22905027932961,-2.9608938547486,0.0
150,2022-11-01,1.737,1.773,1.779,1.718,4293979,267264228.0,3.51,2.07,0.036,14.7,0.0,2.072538860103616,-1.0716300056401526
151,2022-11-02,1.754,1.793,1.804,1.748,3177196,202520775.0,3.16,1.13,0.02,10.88,-1.0716300056401526,1.1280315848843778,-1.1154489682097055
152,2022-11-03,1.773,1.776,1.799,1.765,1847438,117874851.0,1.9,-0.95,-0.017,6.32,-1.1154489682097055,-0.9481316229782435,0.1689189189189128
153,2022-11-04,1.779,1.826,1.829,1.773,2511810,162584502.0,3.15,2.82,0.05,8.6,0.1689189189189128,2.815315315315318,-0.7119386637458993
154,2022-11-07,1.813,1.838,1.849,1.807,2850349,186541025.0,2.3,0.66,0.012,9.76,-0.7119386637458993,0.6571741511500554,0.2720348204570127
155,2022-11-08,1.843,1.846,1.866,1.829,1839208,121687495.0,2.01,0.44,0.008,6.3,0.2720348204570127,0.43525571273123,0.758396533044421
156,2022-11-09,1.86,1.882,1.916,1.86,2366667,160320789.0,3.03,1.95,0.036,8.1,0.758396533044421,1.9501625135427847,-0.8501594048884056
157,2022-11-10,1.866,1.877,1.891,1.843,1850177,123819548.0,2.55,-0.27,-0.005,6.33,-0.8501594048884056,-0.26567481402762455,2.0777836973894472
158,2022-11-11,1.916,2.022,2.058,1.916,7979283,566717477.0,7.57,7.73,0.145,27.31,2.0777836973894472,7.725093233883847,3.61028684470823
159,2022-11-14,2.095,2.03,2.095,2.005,10904994,798938539.0,4.45,0.4,0.008,37.33,3.61028684470823,0.3956478733926809,-0.6896551724137828
160,2022-11-15,2.016,2.05,2.081,2.011,4791268,350600554.0,3.45,0.99,0.02,16.4,-0.6896551724137828,0.9852216748768483,-0.5365853658536428
161,2022-11-16,2.039,2.016,2.05,1.997,3750743,271174762.0,2.59,-1.66,-0.034,12.84,-0.5365853658536428,-1.6585365853658445,-0.5456349206349266
162,2022-11-17,2.005,2.019,2.033,1.988,3091541,223178938.0,2.23,0.15,0.003,10.58,-0.5456349206349266,0.14880952380952944,0.0
163,2022-11-18,2.019,2.002,2.036,1.997,6050014,437276043.0,1.93,-0.84,-0.017,20.71,0.0,-0.8420009905894178,-0.09990009990008891
164,2022-11-21,2.0,1.991,2.0,1.944,2656515,186973580.0,2.8,-0.55,-0.011,9.09,-0.09990009990008891,-0.5494505494505334,0.8538422903063738
165,2022-11-22,2.008,1.972,2.028,1.963,1988084,141655807.0,3.26,-0.95,-0.019,6.81,0.8538422903063738,-0.9542943244600767,-0.456389452332652
166,2022-11-23,1.963,1.972,1.983,1.955,1886811,132972472.0,1.42,0.0,0.0,6.46,-0.456389452332652,0.0,1.977687626774855
167,2022-11-24,2.011,2.005,2.03,1.983,2831364,203277570.0,2.38,1.67,0.033,9.69,1.977687626774855,1.6734279918864055,0.5486284289276868
168,2022-11-25,2.016,2.097,2.1,2.014,4769505,353870931.0,4.29,4.59,0.092,16.33,0.5486284289276868,4.588528678304243,-2.622794468288038
169,2022-11-28,2.042,2.097,2.1,2.028,4393686,325043783.0,3.43,0.0,0.0,15.04,-2.622794468288038,0.0,5.722460658082981
170,2022-11-29,2.217,2.307,2.307,2.145,12731501,1018080804.0,7.73,10.01,0.21,43.58,5.722460658082981,10.014306151645206,-2.1673168617251766
171,2022-11-30,2.257,2.223,2.307,2.201,8100765,654071411.0,4.59,-3.64,-0.084,27.73,-2.1673168617251766,-3.641092327698313,-0.7647323436797079
172,2022-12-01,2.206,2.215,2.245,2.187,4784910,380098654.0,2.61,-0.36,-0.008,16.38,-0.7647323436797079,-0.35987404408457074,-1.5349887133182758
173,2022-12-02,2.181,2.162,2.19,2.128,5635915,434189035.0,2.8,-2.39,-0.053,19.29,-1.5349887133182758,-2.392776523702029,0.3700277520814064
174,2022-12-05,2.17,2.176,2.212,2.17,4588477,360018605.0,1.94,0.65,0.014,15.71,0.3700277520814064,0.6475485661424716,-0.781250000000016
175,2022-12-06,2.159,2.178,2.184,2.145,2999133,232700030.0,1.79,0.09,0.002,10.27,-0.781250000000016,0.09191176470587223,-0.8723599632690602
176,2022-12-07,2.159,2.134,2.164,2.111,4513498,345564467.0,2.43,-2.02,-0.044,15.45,-0.8723599632690602,-2.020202020202022,-0.2811621368322298
177,2022-12-08,2.128,2.17,2.184,2.123,3768654,291410411.0,2.86,1.69,0.036,12.9,-0.2811621368322298,1.6869728209934411,0.13824884792627254
178,2022-12-09,2.173,2.22,2.24,2.173,3395992,268855570.0,3.09,2.3,0.05,11.62,0.13824884792627254,2.3041474654378002,-1.2612612612612621
179,2022-12-12,2.192,2.142,2.192,2.139,2646971,205200325.0,2.39,-3.51,-0.078,9.06,-1.2612612612612621,-3.513513513513526,-0.37348272642390323
180,2022-12-13,2.134,2.162,2.173,2.12,2361293,181852338.0,2.47,0.93,0.02,8.08,-0.37348272642390323,0.9337068160597581,-0.4162812210915771
181,2022-12-14,2.153,2.136,2.156,2.125,5106610,390733350.0,1.43,-1.2,-0.026,17.48,-0.4162812210915771,-1.2025901942645607,-0.2340823970037611
182,2022-12-15,2.131,2.17,2.176,2.092,2937123,222926146.0,3.93,1.59,0.034,10.05,-0.2340823970037611,1.5917602996254592,-0.7834101382488434
183,2022-12-16,2.153,2.17,2.198,2.136,2861296,222358573.0,2.86,0.0,0.0,9.79,-0.7834101382488434,0.0,0.36866359447004643
184,2022-12-19,2.178,2.164,2.217,2.128,2758291,213867665.0,4.1,-0.28,-0.006,9.44,0.36866359447004643,-0.2764976958525246,-1.8022181146025944
185,2022-12-20,2.125,2.072,2.125,2.072,2922179,218984049.0,2.45,-4.25,-0.092,10.0,-1.8022181146025944,-4.251386321626621,-0.38610038610038644
186,2022-12-21,2.064,2.067,2.095,2.053,1972531,146680422.0,2.03,-0.24,-0.005,6.75,-0.38610038610038644,-0.24131274131273614,1.0643444605708656
187,2022-12-22,2.089,2.058,2.106,2.05,2178600,162076740.0,2.71,-0.44,-0.009,7.46,1.0643444605708656,-0.43541364296082924,0.0
188,2022-12-23,2.058,2.05,2.075,2.044,1554234,114602047.0,1.51,-0.39,-0.008,5.32,0.0,-0.3887269193391646,-0.3902439024390248
189,2022-12-26,2.042,2.028,2.05,2.019,1906004,138734488.0,1.51,-1.07,-0.022,6.52,-0.3902439024390248,-1.0731707317073074,0.394477317554241
190,2022-12-27,2.036,2.044,2.069,2.028,1739521,127616495.0,2.02,0.79,0.016,5.95,0.394477317554241,0.788954635108482,-0.5381604696673249
191,2022-12-28,2.033,2.05,2.061,2.019,2011670,147077479.0,2.05,0.29,0.006,6.89,-0.5381604696673249,0.29354207436398155,-0.9756097560975618
192,2022-12-29,2.03,2.0,2.036,1.991,2113820,152100933.0,2.2,-2.44,-0.05,7.24,-0.9756097560975618,-2.439024390243894,0.0
193,2022-12-30,2.0,2.011,2.011,1.983,1802920,128940213.0,1.4,0.55,0.011,6.17,0.0,0.550000000000006,-0.6961710591745407
194,2023-01-03,1.997,2.028,2.042,1.997,3376775,244616045.0,2.24,0.85,0.017,11.56,-0.6961710591745407,0.8453505718547938,-0.2958579881656917
195,2023-01-04,2.022,2.109,2.12,2.014,4226531,315582111.0,5.23,3.99,0.081,14.47,-0.2958579881656917,3.9940828402366844,-0.6638217164532855
196,2023-01-05,2.095,2.111,2.114,2.075,3886064,291840479.0,1.85,0.09,0.002,13.3,-0.6638217164532855,0.09483167377905281,0.6631927996210227
197,2023-01-06,2.125,2.078,2.136,2.075,3426379,256760776.0,2.89,-1.56,-0.033,11.73,0.6631927996210227,-1.5632401705353083,0.1443695861405252
198,2023-01-09,2.081,2.061,2.089,2.056,3049972,225965640.0,1.59,-0.82,-0.017,10.44,0.1443695861405252,-0.8180943214629406,0.1455604075691467
199,2023-01-10,2.064,2.058,2.064,2.042,2454304,180603183.0,1.07,-0.15,-0.003,8.4,0.1455604075691467,-0.1455604075691467,0.14577259475219212
200,2023-01-11,2.061,2.072,2.103,2.056,3348444,249307442.0,2.28,0.68,0.014,11.46,0.14577259475219212,0.6802721088435488,0.0
201,2023-01-12,2.072,2.033,2.072,2.022,3150834,229997950.0,2.41,-1.88,-0.039,10.79,0.0,-1.8822393822393892,-0.14756517461879556
202,2023-01-13,2.03,2.05,2.05,2.019,3427595,249632150.0,1.52,0.84,0.017,11.73,-0.14756517461879556,0.8362026561731385,-0.5365853658536428
203,2023-01-16,2.039,2.056,2.058,2.025,4553103,333623891.0,1.61,0.29,0.006,15.59,-0.5365853658536428,0.2926829268292794,0.0
204,2023-01-17,2.056,2.05,2.061,2.033,4783843,351081709.0,1.36,-0.29,-0.006,16.38,0.0,-0.29182879377433013,0.3902439024390248
205,2023-01-18,2.058,2.036,2.067,2.033,3563466,260715707.0,1.66,-0.68,-0.014,12.2,0.3902439024390248,-0.6829268292682825,-0.147347740667982
206,2023-01-19,2.033,2.05,2.053,2.016,2426657,176551376.0,1.82,0.69,0.014,8.31,-0.147347740667982,0.6876227897838797,-0.14634146341461804
207,2023-01-20,2.047,2.058,2.064,2.039,3993654,293512652.0,1.22,0.39,0.008,13.67,-0.14634146341461804,0.3902439024390248,0.9718172983479114
208,2023-01-30,2.078,2.044,2.092,2.042,5232868,385937378.0,2.43,-0.68,-0.014,17.91,0.9718172983479114,-0.6802721088435273,-0.09784735812134167
209,2023-01-31,2.042,2.083,2.083,2.025,4651344,343219479.0,2.84,1.91,0.039,15.92,-0.09784735812134167,1.9080234833659564,-0.38406144983197343
210,2023-02-01,2.075,2.072,2.081,2.047,6818127,503068812.0,1.63,-0.53,-0.011,23.34,-0.38406144983197343,-0.5280844935189688,0.0
211,2023-02-02,2.072,2.078,2.092,2.053,5571852,413159991.0,1.88,0.29,0.006,19.07,0.0,0.2895752895752791,-0.288739172281029
212,2023-02-03,2.072,2.05,2.081,2.036,3751602,275546104.0,2.17,-1.35,-0.028,12.84,-0.288739172281029,-1.347449470644852,-0.9756097560975618
213,2023-02-06,2.03,2.014,2.042,2.008,5830233,421636754.0,1.66,-1.76,-0.036,19.96,-0.9756097560975618,-1.7560975609756113,0.0
214,2023-02-07,2.014,2.044,2.053,2.014,4505482,329258337.0,1.94,1.49,0.03,15.42,0.0,1.4895729890764773,-0.24461839530332158
215,2023-02-08,2.039,2.042,2.067,2.039,2724997,200472762.0,1.37,-0.1,-0.002,9.33,-0.24461839530332158,-0.09784735812134167,-0.146914789422119
216,2023-02-09,2.039,2.061,2.067,2.036,2580138,189975742.0,1.52,0.93,0.019,8.83,-0.146914789422119,0.9304603330068624,-0.1455604075691467
217,2023-02-10,2.058,2.078,2.089,2.05,3090310,229237295.0,1.89,0.82,0.017,10.58,-0.1455604075691467,0.8248423095584622,-0.4331087584215542
218,2023-02-13,2.069,2.083,2.089,2.056,3412852,253168366.0,1.59,0.24,0.005,11.68,-0.4331087584215542,0.24061597690088246,0.14402304368697405
219,2023-02-14,2.086,2.083,2.106,2.069,2650535,198220777.0,1.78,0.0,0.0,9.07,0.14402304368697405,0.0,-0.09601536245800402
220,2023-02-15,2.081,2.044,2.083,2.044,4248375,312425937.0,1.87,-1.87,-0.039,14.54,-0.09601536245800402,-1.8722995679308758,0.14677103718200166
221,2023-02-16,2.047,2.022,2.075,2.008,4060963,298871377.0,3.28,-1.08,-0.022,13.9,0.14677103718200166,-1.0763209393346498,0.0
222,2023-02-17,2.022,2.016,2.042,2.014,2405804,174548132.0,1.38,-0.3,-0.006,8.24,0.0,-0.2967359050444997,0.14880952380952944
223,2023-02-20,2.019,2.047,2.05,2.008,2646131,192284281.0,2.08,1.54,0.031,9.06,0.14880952380952944,1.5376984126984194,1.221299462628232
224,2023-02-21,2.072,2.064,2.083,2.042,3982353,294764486.0,2.0,0.83,0.017,13.63,1.221299462628232,0.8304836345871961,-0.9689922480620163
225,2023-02-22,2.044,2.047,2.056,2.039,1874007,137402998.0,0.82,-0.82,-0.017,6.41,-0.9689922480620163,-0.8236434108527085,0.14655593551537222
226,2023-02-23,2.05,2.058,2.072,2.044,2810666,207216803.0,1.37,0.54,0.011,9.62,0.14655593551537222,0.5373717635564083,0.0
227,2023-02-24,2.058,2.033,2.058,2.019,2201652,160261612.0,1.9,-1.21,-0.025,7.54,0.0,-1.214771622934884,-0.14756517461879556
228,2023-02-27,2.03,2.03,2.05,2.028,2271788,165756267.0,1.08,-0.15,-0.003,7.78,-0.14756517461879556,-0.14756517461879556,0.0
229,2023-02-28,2.03,2.047,2.047,2.016,2095084,152005440.0,1.53,0.84,0.017,7.17,0.0,0.8374384236453375,-0.390815828041036
230,2023-03-01,2.039,2.061,2.064,2.036,2480733,182070957.0,1.37,0.68,0.014,8.49,-0.390815828041036,0.6839276990718022,-0.3881610868510435
231,2023-03-02,2.053,2.044,2.058,2.042,1536522,112707723.0,0.78,-0.82,-0.017,5.26,-0.3881610868510435,-0.8248423095584622,0.14677103718200166
232,2023-03-03,2.047,2.053,2.053,2.033,1700881,124541829.0,0.98,0.44,0.009,5.82,0.14677103718200166,0.4403131115459832,-0.43838285435946894
233,2023-03-06,2.044,2.022,2.053,2.014,2896090,209883105.0,1.9,-1.51,-0.031,9.91,-0.43838285435946894,-1.5099853872381948,-0.14836795252223886
234,2023-03-07,2.019,1.98,2.025,1.977,3193313,228586851.0,2.37,-2.08,-0.042,10.93,-0.14836795252223886,-2.077151335311564,-0.2525252525252471
235,2023-03-08,1.975,1.988,1.988,1.969,1625865,115192171.0,0.96,0.4,0.008,5.57,-0.2525252525252471,0.40404040404040437,0.0
236,2023-03-09,1.988,1.986,1.994,1.977,1352173,96140320.0,0.86,-0.1,-0.002,4.63,0.0,-0.10060362173038238,-0.7049345417925484
237,2023-03-10,1.972,1.952,1.975,1.944,2321454,162472167.0,1.56,-1.71,-0.034,7.95,-0.7049345417925484,-1.711983887210475,-0.2561475409836011
238,2023-03-13,1.947,1.941,1.958,1.927,1715526,119072565.0,1.59,-0.56,-0.011,5.87,-0.2561475409836011,-0.5635245901639292,-0.30911901081916565
239,2023-03-14,1.935,1.927,1.949,1.905,1980865,136992759.0,2.27,-0.72,-0.014,6.78,-0.30911901081916565,-0.7212776919113865,0.3113648157758176
240,2023-03-15,1.933,1.952,1.958,1.93,1931417,134587403.0,1.45,1.3,0.025,6.61,0.3113648157758176,1.297353399065901,-0.2561475409836011
241,2023-03-16,1.947,1.935,1.958,1.93,1128466,78583969.0,1.43,-0.87,-0.017,3.86,-0.2561475409836011,-0.8709016393442574,0.46511627906976216
242,2023-03-17,1.944,1.955,1.963,1.935,2888430,201888698.0,1.45,1.03,0.02,9.89,0.46511627906976216,1.0335917312661507,0.30690537084399006
243,2023-03-20,1.961,1.933,1.972,1.933,1702832,118876842.0,1.99,-1.13,-0.022,5.83,0.30690537084399006,-1.12531969309463,0.0
244,2023-03-21,1.933,1.941,1.947,1.924,1194113,82679847.0,1.19,0.41,0.008,4.09,0.0,0.41386445938955024,-0.15455950540958854
245,2023-03-22,1.938,1.958,1.958,1.935,1741107,121554110.0,1.18,0.88,0.017,5.96,-0.15455950540958854,0.8758371973209635,-0.4596527068437128
246,2023-03-23,1.949,1.952,1.958,1.935,2111143,146987104.0,1.17,-0.31,-0.006,7.23,-0.4596527068437128,-0.30643513789581234,-0.2561475409836011
247,2023-03-24,1.947,1.955,1.966,1.93,2662477,185510565.0,1.84,0.15,0.003,9.11,-0.2561475409836011,0.15368852459016977,-0.40920716112532
248,2023-03-27,1.947,1.921,1.947,1.913,2129697,146855255.0,1.74,-1.74,-0.034,7.29,-0.40920716112532,-1.7391304347826102,-0.10411244143675177
249,2023-03-28,1.919,1.899,1.93,1.896,2565147,175375720.0,1.77,-1.15,-0.022,8.78,-0.10411244143675177,-1.1452368558042696,-0.15797788309637248
250,2023-03-29,1.896,1.894,1.913,1.885,2553515,173352382.0,1.47,-0.26,-0.005,8.74,-0.15797788309637248,-0.2632964718272836,0.0
251,2023-03-30,1.894,1.902,1.902,1.871,2785282,188374956.0,1.64,0.42,0.008,9.53,0.0,0.4223864836325242,-0.15772870662459998
252,2023-03-31,1.899,1.894,1.91,1.888,2191329,148992691.0,1.16,-0.42,-0.008,7.5,-0.15772870662459998,-0.42060988433228225,0.10559662090813104
253,2023-04-03,1.896,1.933,1.941,1.891,3755118,259086218.0,2.64,2.06,0.039,12.85,0.10559662090813104,2.059134107708561,0.10346611484738756
254,2023-04-04,1.935,1.921,1.941,1.916,1788364,123319707.0,1.29,-0.62,-0.012,6.12,0.10346611484738756,-0.6207966890843254,0.0
255,2023-04-06,1.921,1.916,1.933,1.907,2474889,169881307.0,1.35,-0.26,-0.005,8.47,0.0,-0.2602811035918853,0.0
256,2023-04-07,1.916,1.986,2.011,1.916,5890872,416397840.0,4.96,3.65,0.07,20.16,0.0,3.653444676409189,-0.5538771399798539
257,2023-04-10,1.975,1.969,1.983,1.963,3960393,279703532.0,1.01,-0.86,-0.017,13.56,-0.5538771399798539,-0.8559919436052319,0.0
258,2023-04-11,1.969,1.991,1.994,1.949,5387501,382162422.0,2.29,1.12,0.022,18.44,0.0,1.1173184357541908,0.0
259,2023-04-12,1.991,1.988,2.005,1.969,3614064,257077624.0,1.81,-0.15,-0.003,12.37,0.0,-0.15067805123054312,-0.25150905432595033
260,2023-04-13,1.983,1.986,1.994,1.972,2387922,169586230.0,1.11,-0.1,-0.002,8.17,-0.25150905432595033,-0.10060362173038238,0.10070493454179263
261,2023-04-14,1.988,1.98,1.994,1.972,2819176,199826113.0,1.11,-0.3,-0.006,9.65,0.10070493454179263,-0.3021148036253779,0.0
262,2023-04-17,1.98,1.977,1.98,1.958,3273514,230603783.0,1.11,-0.15,-0.003,11.21,0.0,-0.15151515151514605,0.15174506828527526
263,2023-04-18,1.98,1.963,1.986,1.958,3699690,261031020.0,1.42,-0.71,-0.014,12.66,0.15174506828527526,-0.7081436519979774,-0.40753948038716287
264,2023-04-19,1.955,1.924,1.958,1.919,3509031,243187440.0,1.99,-1.99,-0.039,12.01,-0.40753948038716287,-1.9867549668874247,-0.41580041580041616
265,2023-04-20,1.916,1.907,1.924,1.896,2526866,172435921.0,1.46,-0.88,-0.017,8.65,-0.41580041580041616,-0.8835758835758786,0.15731515469322976
266,2023-04-21,1.91,1.874,1.933,1.871,4758256,324313109.0,3.25,-1.73,-0.033,16.29,0.15731515469322976,-1.7304667016255857,-0.16008537886873603
267,2023-04-24,1.871,1.846,1.877,1.829,5258706,347905096.0,2.56,-1.49,-0.028,18.0,-0.16008537886873603,-1.4941302027748145,0.16251354279522706
268,2023-04-25,1.849,1.821,1.849,1.801,3586325,233553268.0,2.6,-1.35,-0.025,12.28,0.16251354279522706,-1.354279523293615,-0.7688083470620545
269,2023-04-26,1.807,1.815,1.824,1.79,2664631,172850419.0,1.87,-0.33,-0.006,9.12,-0.7688083470620545,-0.32948929159802337,0.0
270,2023-04-27,1.815,1.821,1.829,1.801,3117613,202923163.0,1.54,0.33,0.006,10.67,0.0,0.3305785123966945,0.0
271,2023-04-28,1.821,1.84,1.84,1.815,2385282,155992830.0,1.37,1.04,0.019,8.17,0.0,1.0433827567270801,-0.8695652173913051
272,2023-05-04,1.824,1.829,1.84,1.815,2647751,173236294.0,1.36,-0.6,-0.011,9.06,-0.8695652173913051,-0.5978260869565283,-0.2733734281027826
273,2023-05-05,1.824,1.885,1.885,1.821,4483501,298653955.0,3.5,3.06,0.056,15.35,-0.2733734281027826,3.061782394751233,-1.1671087533156508
274,2023-05-08,1.863,1.88,1.882,1.829,3715023,246504842.0,2.81,-0.27,-0.005,12.72,-1.1671087533156508,-0.26525198938992656,-0.7446808510638188
275,2023-05-09,1.866,1.874,1.921,1.86,5555293,376864170.0,3.24,-0.32,-0.006,19.02,-0.7446808510638188,-0.31914893617020124,-0.32017075773746023
276,2023-05-10,1.868,1.857,1.882,1.843,1938387,129132805.0,2.08,-0.91,-0.017,6.64,-0.32017075773746023,-0.9071504802561433,0.0
277,2023-05-11,1.857,1.857,1.871,1.852,2434447,162116148.0,1.02,0.0,0.0,8.33,0.0,0.0,-0.1615508885298811
278,2023-05-12,1.854,1.843,1.877,1.84,1847000,122575726.0,1.99,-0.75,-0.014,6.32,-0.1615508885298811,-0.7539041464728063,-0.43407487791644095
279,2023-05-15,1.835,1.838,1.843,1.804,2938004,191591800.0,2.12,-0.27,-0.005,10.06,-0.43407487791644095,-0.27129679869776957,0.0
280,2023-05-16,1.838,1.818,1.84,1.813,1571014,102660691.0,1.47,-1.09,-0.02,5.38,0.0,-1.0881392818280748,-0.16501650165017126
281,2023-05-17,1.815,1.813,1.826,1.801,2298328,149084919.0,1.38,-0.28,-0.005,7.87,-0.16501650165017126,-0.27502750275028137,0.11031439602868184
282,2023-05-18,1.815,1.799,1.821,1.793,1865509,120516521.0,1.54,-0.77,-0.014,6.39,0.11031439602868184,-0.7722007722007729,-0.5002779321845413
283,2023-05-19,1.79,1.773,1.796,1.768,3820214,242937175.0,1.56,-1.45,-0.026,13.08,-0.5002779321845413,-1.445247359644248,-0.2820078962210882
284,2023-05-22,1.768,1.771,1.776,1.751,2329733,146814643.0,1.41,-0.11,-0.002,7.97,-0.2820078962210882,-0.11280315848843778,-0.3387916431394695
285,2023-05-23,1.765,1.751,1.776,1.748,2740396,172968687.0,1.58,-1.13,-0.02,9.38,-0.3387916431394695,-1.1293054771315651,-0.28555111364933716
286,2023-05-24,1.746,1.704,1.751,1.704,3778009,232652460.0,2.68,-2.68,-0.047,12.93,-0.28555111364933716,-2.684180468303823,-0.528169014084501
287,2023-05-25,1.695,1.706,1.706,1.681,3395789,206193509.0,1.47,0.12,0.002,11.62,-0.528169014084501,0.11737089201877945,-0.4689331770222747
288,2023-05-26,1.698,1.712,1.718,1.678,3586972,218153724.0,2.34,0.35,0.006,12.28,-0.4689331770222747,0.35169988276670605,-0.3504672897196265
289,2023-05-29,1.706,1.692,1.715,1.69,2185792,133031196.0,1.46,-1.17,-0.02,7.48,-0.3504672897196265,-1.1682242990654215,0.0
290,2023-05-30,1.692,1.72,1.723,1.659,4953665,299199156.0,3.78,1.65,0.028,16.96,0.0,1.6548463356974008,-0.6395348837209244
291,2023-05-31,1.709,1.706,1.732,1.698,2278850,139628383.0,1.98,-0.81,-0.014,7.8,-0.6395348837209244,-0.8139534883720937,-0.11723329425556868
292,2023-06-01,1.704,1.695,1.706,1.681,2133809,129490763.0,1.47,-0.64,-0.011,7.3,-0.11723329425556868,-0.6447831184056213,0.1769911504424715
293,2023-06-02,1.698,1.765,1.765,1.698,5025286,312990892.0,3.95,4.13,0.07,17.2,0.1769911504424715,4.129793510324474,-1.5864022662889408
294,2023-06-05,1.737,1.748,1.754,1.726,3078513,191897759.0,1.59,-0.96,-0.017,10.54,-1.5864022662889408,-0.9631728045325725,-0.4576659038901606
295,2023-06-06,1.74,1.748,1.787,1.737,4015875,253808588.0,2.86,0.0,0.0,13.75,-0.4576659038901606,0.0,-0.11441647597254015
296,2023-06-07,1.746,1.771,1.796,1.746,3512774,222849882.0,2.86,1.32,0.023,12.02,-0.11441647597254015,1.3157894736842055,-0.5081874647091981
297,2023-06-08,1.762,1.799,1.813,1.751,5386706,345649274.0,3.5,1.58,0.028,18.44,-0.5081874647091981,1.5810276679841913,0.0
298,2023-06-09,1.799,1.79,1.804,1.776,2667817,170686251.0,1.56,-0.5,-0.009,9.13,0.0,-0.5002779321845413,-0.6145251396648111
299,2023-06-12,1.779,1.779,1.799,1.762,2253594,143726301.0,2.07,-0.61,-0.011,7.71,-0.6145251396648111,-0.6145251396648111,-0.16863406408093828
300,2023-06-13,1.776,1.776,1.807,1.776,3815121,244585140.0,1.74,-0.17,-0.003,13.06,-0.16863406408093828,-0.16863406408093828,0.506756756756751
301,2023-06-14,1.785,1.765,1.796,1.759,3914415,248715254.0,2.08,-0.62,-0.011,13.4,0.506756756756751,-0.6193693693693761,0.0
302,2023-06-15,1.765,1.787,1.79,1.762,2687088,171010503.0,1.59,1.25,0.022,9.2,0.0,1.246458923512749,0.16787912702854582
303,2023-06-16,1.79,1.79,1.801,1.779,2607996,167070763.0,1.23,0.17,0.003,8.93,0.16787912702854582,0.16787912702854582,0.0
304,2023-06-19,1.79,1.748,1.79,1.746,4593556,288912980.0,2.46,-2.35,-0.042,15.72,0.0,-2.346368715083801,-0.11441647597254015
305,2023-06-20,1.746,1.715,1.748,1.712,3733967,230805284.0,2.06,-1.89,-0.033,12.78,-0.11441647597254015,-1.8878718535469061,-0.34985422740524813
306,2023-06-21,1.709,1.695,1.726,1.695,2553219,156481037.0,1.81,-1.17,-0.02,8.74,-0.34985422740524813,-1.1661807580174937,-0.648967551622426
307,2023-06-26,1.684,1.667,1.69,1.656,2750537,164555241.0,2.01,-1.65,-0.028,9.42,-0.648967551622426,-1.6519174041297948,-0.11997600479904029
308,2023-06-27,1.665,1.734,1.737,1.662,4828689,295699971.0,4.5,4.02,0.067,16.53,-0.11997600479904029,4.0191961607678435,-0.46136101499423343
309,2023-06-28,1.726,1.723,1.732,1.706,2789061,171586792.0,1.5,-0.63,-0.011,9.55,-0.46136101499423343,-0.6343713956170646,-0.17411491584446392
310,2023-06-29,1.72,1.695,1.726,1.695,2040030,124575783.0,1.8,-1.63,-0.028,6.98,-0.17411491584446392,-1.6250725478816033,0.353982300884956
311,2023-06-30,1.701,1.712,1.732,1.698,1848443,113629054.0,2.01,1.0,0.017,6.33,0.353982300884956,1.0029498525073688,-0.17523364485980675
312,2023-07-03,1.709,1.723,1.732,1.709,2629525,162316635.0,1.34,0.64,0.011,9.0,-0.17523364485980675,0.6425233644859885,-0.17411491584446392
313,2023-07-04,1.72,1.706,1.72,1.692,2354630,143558363.0,1.63,-0.99,-0.017,8.06,-0.17411491584446392,-0.9866511897852654,-0.2930832356389152
314,2023-07-05,1.701,1.706,1.72,1.695,1469825,89867989.0,1.47,0.0,0.0,5.03,-0.2930832356389152,0.0,-0.2930832356389152
315,2023-07-06,1.701,1.72,1.729,1.69,2691736,164769304.0,2.29,0.82,0.014,9.21,-0.2930832356389152,0.8206330597889808,-0.6395348837209244
316,2023-07-07,1.709,1.715,1.732,1.704,1984314,122020316.0,1.63,-0.29,-0.005,6.79,-0.6395348837209244,-0.29069767441859845,0.0
317,2023-07-10,1.715,1.706,1.715,1.701,1755492,107258701.0,0.82,-0.52,-0.009,6.01,0.0,-0.5247813411078786,0.9964830011723405
318,2023-07-11,1.723,1.706,1.734,1.701,2254334,138319627.0,1.93,0.0,0.0,7.72,0.9964830011723405,0.0,0.0
319,2023-07-12,1.706,1.67,1.706,1.67,3560511,214451976.0,2.11,-2.11,-0.036,12.19,0.0,-2.1101992966002365,0.35928143712574884
320,2023-07-13,1.676,1.687,1.687,1.673,2492971,149945949.0,0.84,1.02,0.017,8.53,0.35928143712574884,1.017964071856295,-0.35566093657379994
321,2023-07-14,1.681,1.678,1.692,1.67,2507680,150848168.0,1.3,-0.53,-0.009,8.58,-0.35566093657379994,-0.5334914048607065,-0.11918951132300368
322,2023-07-17,1.676,1.673,1.678,1.659,1903585,113584125.0,1.13,-0.3,-0.005,6.52,-0.11918951132300368,-0.2979737783075026,-0.17931858936043715
323,2023-07-18,1.67,1.684,1.695,1.662,2753318,165555256.0,1.97,0.66,0.011,9.42,-0.17931858936043715,0.657501494321572,-0.35629453681710244
324,2023-07-19,1.678,1.715,1.715,1.676,4863779,296458561.0,2.32,1.84,0.031,16.65,-0.35629453681710244,1.8408551068883692,-0.5247813411078786
325,2023-07-20,1.706,1.712,1.734,1.704,5006265,308121463.0,1.75,-0.17,-0.003,17.14,-0.5247813411078786,-0.1749271137026305,0.17523364485981974
326,2023-07-21,1.715,1.743,1.748,1.706,3923966,243792343.0,2.45,1.81,0.031,13.43,0.17523364485981974,1.8107476635514101,0.6310958118186976
327,2023-07-24,1.754,1.729,1.757,1.706,3968667,245592057.0,2.93,-0.8,-0.014,13.59,0.6310958118186976,-0.8032128514056232,1.9086176980913774
328,2023-07-25,1.762,1.843,1.843,1.751,8216995,533271161.0,5.32,6.59,0.114,28.13,1.9086176980913774,6.593406593406587,-0.27129679869776957
329,2023-07-26,1.838,1.868,1.885,1.832,8323255,555230696.0,2.88,1.36,0.025,28.49,-0.27129679869776957,1.356483993488884,-0.856531049250536
330,2023-07-27,1.852,1.86,1.894,1.818,5809712,387868595.0,4.07,-0.43,-0.008,19.89,-0.856531049250536,-0.428265524625268,0.16129032258063933
331,2023-07-28,1.863,1.921,1.93,1.854,9301636,632273686.0,4.09,3.28,0.061,31.84,0.16129032258063933,3.279569892473115,0.7287870900572624
332,2023-07-31,1.935,1.969,1.994,1.935,6948801,490291220.0,3.07,2.5,0.048,23.79,0.7287870900572624,2.498698594482043,-0.558659217877101
333,2023-08-01,1.958,1.944,1.988,1.93,4302706,301986895.0,2.95,-1.27,-0.025,14.73,-0.558659217877101,-1.2696800406297681,-0.15432098765431543
334,2023-08-02,1.941,1.969,1.997,1.938,5414167,381996077.0,3.03,1.29,0.025,18.53,-0.15432098765431543,1.2860082304526816,-0.304723209751143
335,2023-08-03,1.963,2.005,2.005,1.927,6011433,424753210.0,3.96,1.83,0.036,20.58,-0.304723209751143,1.8283392585068465,1.5461346633416528
336,2023-08-04,2.036,1.986,2.053,1.975,8036623,575977705.0,3.89,-0.95,-0.019,27.51,1.5461346633416528,-0.9476309226932622,-1.9637462235649508
337,2023-08-07,1.947,1.924,1.958,1.905,6977264,480341514.0,2.67,-3.12,-0.062,23.88,-1.9637462235649508,-3.1218529707955716,-0.8835758835758786
338,2023-08-08,1.907,1.885,1.927,1.88,5274680,358172532.0,2.44,-2.03,-0.039,18.06,-0.8835758835758786,-2.0270270270270228,-0.26525198938992656
339,2023-08-09,1.88,1.888,1.919,1.874,4503130,305526764.0,2.39,0.16,0.003,15.41,-0.26525198938992656,0.1591511936339465,-0.15889830508474004
340,2023-08-10,1.885,1.896,1.913,1.877,3058588,207094275.0,1.91,0.42,0.008,10.47,-0.15889830508474004,0.42372881355932246,0.7383966244725746
341,2023-08-11,1.91,1.891,1.933,1.871,5059559,343804132.0,3.27,-0.26,-0.005,17.32,0.7383966244725746,-0.26371308016877076,-2.5383395029085163
342,2023-08-14,1.843,1.86,1.874,1.818,4270612,282358028.0,2.96,-1.64,-0.031,14.62,-2.5383395029085163,-1.6393442622950776,-0.3225806451612906
343,2023-08-15,1.854,1.854,1.871,1.832,4767850,315650299.0,2.1,-0.32,-0.006,16.32,-0.3225806451612906,-0.3225806451612906,-0.7551240560949305
344,2023-08-16,1.84,1.891,1.921,1.838,4791449,322654976.0,4.48,2.0,0.037,16.4,-0.7551240560949305,1.9956850053937392,-0.898995240613427
345,2023-08-17,1.874,1.888,1.899,1.863,3189768,214627758.0,1.9,-0.16,-0.003,10.92,-0.898995240613427,-0.15864621893178812,-0.3177966101694918
346,2023-08-18,1.882,1.843,1.91,1.843,4720287,317278073.0,3.55,-2.38,-0.045,16.16,-0.3177966101694918,-2.383474576271183,-0.27129679869776957
347,2023-08-21,1.838,1.81,1.852,1.807,3075034,201610249.0,2.44,-1.79,-0.033,10.53,-0.27129679869776957,-1.790558871405313,0.0
348,2023-08-22,1.81,1.821,1.829,1.793,2105729,136555926.0,1.99,0.61,0.011,7.21,0.0,0.6077348066298286,-0.1647446457990056
349,2023-08-23,1.818,1.785,1.818,1.779,2210332,142347193.0,2.14,-1.98,-0.036,7.57,-0.1647446457990056,-1.9769357495881403,-0.3361344537815129
350,2023-08-24,1.779,1.768,1.793,1.751,4070050,257956341.0,2.35,-0.95,-0.017,13.93,-0.3361344537815129,-0.9523809523809471,-0.33936651583710437
351,2023-08-25,1.762,1.793,1.829,1.762,8812892,566580564.0,3.79,1.41,0.025,30.17,-0.33936651583710437,1.414027149321262,9.481316229782497
352,2023-08-28,1.963,1.877,1.966,1.86,11423668,778077468.0,5.91,4.68,0.084,39.1,9.481316229782497,4.6848856664807625,-0.9057005860415506
353,2023-08-29,1.86,1.947,1.952,1.854,8275640,562737273.0,5.22,3.73,0.07,28.33,-0.9057005860415506,3.729355354288762,-1.1813045711350862
354,2023-08-30,1.924,1.921,1.944,1.907,9788621,674645725.0,1.9,-1.34,-0.026,33.51,-1.1813045711350862,-1.3353877760657433,-0.2602811035918853
355,2023-08-31,1.916,1.818,1.924,1.815,11849361,783930184.0,5.67,-5.36,-0.103,40.56,-0.2602811035918853,-5.361790733992711,1.7051705170517004
356,2023-09-01,1.849,1.829,1.857,1.818,6578350,432183099.0,2.15,0.61,0.011,22.52,1.7051705170517004,0.6050605060505995,0.9294696555494876
357,2023-09-04,1.846,1.835,1.868,1.829,4919871,325311840.0,2.13,0.33,0.006,16.84,0.9294696555494876,0.32804811372334636,-0.3269754768392374
358,2023-09-05,1.829,1.79,1.835,1.782,3455152,222273496.0,2.89,-2.45,-0.045,11.83,-0.3269754768392374,-2.452316076294274,-0.4469273743016764
359,2023-09-06,1.782,1.835,1.838,1.771,6207058,402829236.0,3.74,2.51,0.045,21.25,-0.4469273743016764,2.5139664804469235,-0.49046321525885
360,2023-09-07,1.826,1.815,1.857,1.813,3327745,218679805.0,2.4,-1.09,-0.02,11.39,-0.49046321525885,-1.0899182561307912,-0.6060606060606005
361,2023-09-08,1.804,1.813,1.815,1.79,2648740,170999151.0,1.38,-0.11,-0.002,9.07,-0.6060606060606005,-0.11019283746556484,-0.16547159404301665
362,2023-09-11,1.81,1.796,1.81,1.776,3855828,247248007.0,1.88,-0.94,-0.017,13.2,-0.16547159404301665,-0.9376723662437896,-0.16703786191537381
363,2023-09-12,1.793,1.787,1.799,1.779,2251373,144201597.0,1.11,-0.5,-0.009,7.71,-0.16703786191537381,-0.5011135857461091,0.0
364,2023-09-13,1.787,1.787,1.807,1.773,2166626,138751522.0,1.9,0.0,0.0,7.42,0.0,0.0,-0.1119194180190264
365,2023-09-14,1.785,1.771,1.787,1.759,3084425,195393199.0,1.57,-0.9,-0.016,10.56,-0.1119194180190264,-0.8953553441522112,0.28232636928289756
366,2023-09-15,1.776,1.776,1.787,1.762,2591187,164846296.0,1.41,0.28,0.005,8.87,0.28232636928289756,0.28232636928289756,-0.4504504504504509
367,2023-09-18,1.768,1.759,1.771,1.746,2792645,175624790.0,1.41,-0.96,-0.017,9.56,-0.4504504504504509,-0.9572072072072143,-0.113700966458215
368,2023-09-19,1.757,1.754,1.765,1.746,2122695,133393034.0,1.08,-0.28,-0.005,7.27,-0.113700966458215,-0.2842524161455312,-0.1710376282782277
369,2023-09-20,1.751,1.751,1.759,1.74,1419209,89036423.0,1.08,-0.17,-0.003,4.86,-0.1710376282782277,-0.1710376282782277,-0.17133066818959977
370,2023-09-21,1.748,1.746,1.771,1.743,1547727,97181421.0,1.6,-0.29,-0.005,5.3,-0.17133066818959977,-0.28555111364933716,-0.5154639175257673
371,2023-09-22,1.737,1.762,1.765,1.734,1739358,109017173.0,1.78,0.92,0.016,5.95,-0.5154639175257673,0.9163802978235975,-0.2837684449489282
372,2023-09-25,1.757,1.726,1.757,1.723,2072552,128455308.0,1.93,-2.04,-0.036,7.09,-0.2837684449489282,-2.0431328036322376,-0.1738122827346403
373,2023-09-26,1.723,1.72,1.729,1.715,1455275,89662849.0,0.81,-0.35,-0.006,4.98,-0.1738122827346403,-0.34762456546929343,-0.11627906976744197
374,2023-09-27,1.718,1.718,1.729,1.712,1611499,99201748.0,0.99,-0.12,-0.002,5.52,-0.11627906976744197,-0.11627906976744197,0.0
375,2023-09-28,1.718,1.72,1.726,1.712,1509810,92943105.0,0.81,0.12,0.002,5.17,0.0,0.11641443538998847,-0.29069767441859845
376,2023-10-09,1.715,1.678,1.715,1.673,2791915,168242988.0,2.44,-2.44,-0.042,9.56,-0.29069767441859845,-2.441860465116281,-0.11918951132300368
377,2023-10-10,1.676,1.673,1.692,1.667,2349706,141125611.0,1.49,-0.3,-0.005,8.04,-0.11918951132300368,-0.2979737783075026,0.17931858936042389
378,2023-10-11,1.676,1.676,1.681,1.659,2793006,167035762.0,1.32,0.18,0.003,9.56,0.17931858936042389,0.17931858936042389,0.4773269689737475
379,2023-10-12,1.684,1.678,1.687,1.665,3057280,183392975.0,1.31,0.12,0.002,10.47,0.4773269689737475,0.11933174224343687,-0.7747318235995173
380,2023-10-13,1.665,1.665,1.676,1.659,1884129,112312489.0,1.01,-0.77,-0.013,6.45,-0.7747318235995173,-0.7747318235995173,0.0
381,2023-10-16,1.665,1.637,1.673,1.631,2177739,128218660.0,2.52,-1.68,-0.028,7.45,0.0,-1.681681681681683,0.0
382,2023-10-17,1.637,1.623,1.637,1.614,2170099,126094580.0,1.41,-0.86,-0.014,7.43,0.0,-0.8552229688454498,-0.18484288354897668
383,2023-10-18,1.62,1.597,1.623,1.597,2750218,158172415.0,1.6,-1.6,-0.026,9.41,-0.18484288354897668,-1.6019716574245237,-0.313087038196612
384,2023-10-19,1.592,1.586,1.609,1.584,2336681,133377473.0,1.57,-0.69,-0.011,8.0,-0.313087038196612,-0.6887914840325547,-0.31525851197983074
385,2023-10-20,1.581,1.595,1.614,1.567,2336344,133366753.0,2.96,0.57,0.009,8.0,-0.31525851197983074,0.5674653215636757,-0.564263322884006
386,2023-10-23,1.586,1.561,1.592,1.556,1841789,103666131.0,2.26,-2.13,-0.034,6.3,-0.564263322884006,-2.1316614420062714,0.5765534913517053
387,2023-10-24,1.57,1.6,1.603,1.564,2610768,148414040.0,2.5,2.5,0.039,8.94,0.5765534913517053,2.4983984625240327,1.4374999999999942
388,2023-10-25,1.623,1.6,1.631,1.595,3375742,194401232.0,2.25,0.0,0.0,11.56,1.4374999999999942,0.0,-0.5000000000000004
389,2023-10-26,1.592,1.584,1.595,1.57,2150796,121592152.0,1.56,-1.0,-0.016,7.36,-0.5000000000000004,-1.0000000000000009,-0.3787878787878791
390,2023-10-27,1.578,1.603,1.606,1.578,2372098,135393949.0,1.77,1.2,0.019,8.12,-0.3787878787878791,1.1994949494949436,-0.49906425452277026
391,2023-10-30,1.595,1.606,1.609,1.581,3738504,213220332.0,1.75,0.19,0.003,12.8,-0.49906425452277026,0.18714909544604577,-0.6849315068493226
392,2023-10-31,1.595,1.6,1.606,1.57,3277049,186426469.0,2.24,-0.37,-0.006,11.22,-0.6849315068493226,-0.37359900373599036,-0.5000000000000004
393,2023-11-01,1.592,1.584,1.597,1.581,2067766,117479137.0,1.0,-1.0,-0.016,7.08,-0.5000000000000004,-1.0000000000000009,-0.18939393939394655
394,2023-11-02,1.581,1.572,1.589,1.567,2264322,127881666.0,1.39,-0.76,-0.012,7.75,-0.18939393939394655,-0.7575757575757582,-0.1272264631043258
395,2023-11-03,1.57,1.57,1.578,1.561,2595206,145769436.0,1.08,-0.13,-0.002,8.88,-0.1272264631043258,-0.1272264631043258,0.31847133757961105
396,2023-11-06,1.575,1.611,1.617,1.572,4700153,269314084.0,2.87,2.61,0.041,16.09,0.31847133757961105,2.6114649681528617,0.0
397,2023-11-07,1.611,1.611,1.625,1.603,4042830,233356635.0,1.37,0.0,0.0,13.84,0.0,0.0,-0.31036623215393505
398,2023-11-08,1.606,1.628,1.637,1.603,4819272,280529637.0,2.11,1.06,0.017,16.5,-0.31036623215393505,1.0552451893233956,0.18427518427519127
399,2023-11-09,1.631,1.625,1.648,1.617,5004708,292303623.0,1.9,-0.18,-0.003,17.13,0.18427518427519127,-0.1842751842751776,-0.4923076923076928
400,2023-11-10,1.617,1.6,1.617,1.589,4073741,233021094.0,1.72,-1.54,-0.025,13.94,-0.4923076923076928,-1.538461538461533,0.18749999999999323
401,2023-11-13,1.603,1.6,1.609,1.589,2381971,136160231.0,1.25,0.0,0.0,8.15,0.18749999999999323,0.0,0.0
402,2023-11-14,1.6,1.625,1.625,1.6,2492224,144163744.0,1.56,1.56,0.025,8.53,0.0,1.5624999999999944,0.8615384615384624
403,2023-11-15,1.639,1.614,1.642,1.611,3959746,230364959.0,1.91,-0.68,-0.011,13.55,0.8615384615384624,-0.6769230769230707,-0.30978934324659946
404,2023-11-16,1.609,1.609,1.617,1.592,2495922,143291319.0,1.55,-0.31,-0.005,8.54,-0.30978934324659946,-0.30978934324659946,-0.37290242386575545
405,2023-11-17,1.603,1.6,1.609,1.589,1779957,101789099.0,1.24,-0.56,-0.009,6.09,-0.37290242386575545,-0.5593536357986263,0.5624999999999936
406,2023-11-20,1.609,1.603,1.617,1.595,1990182,114206352.0,1.38,0.19,0.003,6.81,0.5624999999999936,0.18749999999999323,0.49906425452277026
407,2023-11-21,1.611,1.639,1.659,1.609,5309111,312117824.0,3.12,2.25,0.036,18.17,0.49906425452277026,2.2457891453524663,-0.6711409395973228
408,2023-11-22,1.628,1.628,1.665,1.625,3670789,216500875.0,2.44,-0.67,-0.011,12.57,-0.6711409395973228,-0.6711409395973228,0.18427518427519127
409,2023-11-23,1.631,1.673,1.676,1.611,5321569,314651245.0,3.99,2.76,0.045,18.22,0.18427518427519127,2.7641277641277733,-0.17931858936043715
410,2023-11-24,1.67,1.67,1.687,1.659,3991110,239251094.0,1.67,-0.18,-0.003,13.66,-0.17931858936043715,-0.17931858936043715,-0.4790419161676651
411,2023-11-27,1.662,1.634,1.665,1.623,3198458,187048368.0,2.51,-2.16,-0.036,10.95,-0.4790419161676651,-2.1556886227544934,-0.1835985312117437
412,2023-11-28,1.631,1.617,1.634,1.609,2334563,135375463.0,1.53,-1.04,-0.017,7.99,-0.1835985312117437,-1.0403916768665793,0.18552875695733542
413,2023-11-29,1.62,1.575,1.623,1.57,3620788,205475619.0,3.28,-2.6,-0.042,12.39,0.18552875695733542,-2.5974025974025996,-0.31746031746031067
414,2023-11-30,1.57,1.57,1.578,1.558,2270343,127393910.0,1.27,-0.32,-0.005,7.77,-0.31746031746031067,-0.31746031746031067,-0.19108280254777793
415,2023-12-01,1.567,1.581,1.584,1.558,1962679,110595081.0,1.66,0.7,0.011,6.72,-0.19108280254777793,0.7006369426751528,-0.5692599620493294
416,2023-12-04,1.572,1.556,1.578,1.553,1984713,110802351.0,1.58,-1.58,-0.025,6.79,-0.5692599620493294,-1.5812776723592608,-0.3856041131105402
417,2023-12-05,1.55,1.522,1.556,1.519,2299933,126819141.0,2.38,-2.19,-0.034,7.87,-0.3856041131105402,-2.185089974293061,-0.19710906701709027
418,2023-12-06,1.519,1.542,1.553,1.519,3216645,176989676.0,2.23,1.31,0.02,11.01,-0.19710906701709027,1.314060446780553,-0.19455252918288676
419,2023-12-07,1.539,1.55,1.558,1.53,1899598,105020484.0,1.82,0.52,0.008,6.5,-0.19455252918288676,0.5188067444876787,-0.19354838709678152
420,2023-12-08,1.547,1.522,1.55,1.519,1949099,106843384.0,2.0,-1.81,-0.028,6.67,-0.19354838709678152,-1.8064516129032273,-0.9198423127463872
421,2023-12-11,1.508,1.511,1.516,1.489,2135985,114658850.0,1.77,-0.72,-0.011,7.31,-0.9198423127463872,-0.7227332457293114,0.727994705493059
422,2023-12-12,1.522,1.556,1.558,1.516,4655671,256941841.0,2.78,2.98,0.045,15.94,0.727994705493059,2.9781601588352187,-1.0925449871465376
423,2023-12-13,1.539,1.522,1.544,1.519,3224806,176737800.0,1.61,-2.19,-0.034,11.04,-1.0925449871465376,-2.185089974293061,0.5256241787122212
424,2023-12-14,1.53,1.516,1.544,1.516,1659156,90829385.0,1.84,-0.39,-0.006,5.68,0.5256241787122212,-0.3942181340341659,1.3192612137203177
425,2023-12-15,1.536,1.539,1.558,1.53,2769806,153150069.0,1.85,1.52,0.023,9.48,1.3192612137203177,1.517150395778358,-0.7147498375568485
426,2023-12-18,1.528,1.514,1.553,1.511,2391261,131054603.0,2.73,-1.62,-0.025,8.19,-0.7147498375568485,-1.6244314489928469,-0.396301188903567
427,2023-12-19,1.508,1.497,1.519,1.483,2504971,134399043.0,2.38,-1.12,-0.017,8.57,-0.396301188903567,-1.1228533685600994,-0.200400801603214
428,2023-12-20,1.494,1.469,1.497,1.469,1468486,78018236.0,1.87,-1.87,-0.028,5.03,-0.200400801603214,-1.8704074816299279,-0.4084411164057185
429,2023-12-21,1.463,1.489,1.491,1.461,1746231,92286069.0,2.04,1.36,0.02,5.98,-0.4084411164057185,1.3614703880190617,-0.20147750167898681
430,2023-12-22,1.486,1.472,1.489,1.463,2489497,131406478.0,1.75,-1.14,-0.017,8.52,-0.20147750167898681,-1.141705842847557,-0.4076086956521742
431,2023-12-25,1.466,1.458,1.469,1.449,1796510,93704116.0,1.36,-0.95,-0.014,6.15,-0.4076086956521742,-0.95108695652174,-0.20576131687242055
432,2023-12-26,1.455,1.433,1.455,1.43,2122602,109229225.0,1.71,-1.71,-0.025,7.27,-0.20576131687242055,-1.7146776406035604,-0.20935101186323196
433,2023-12-27,1.43,1.436,1.444,1.422,1873256,96052148.0,1.54,0.21,0.003,6.41,-0.20935101186323196,0.20935101186321642,-0.6267409470752018
434,2023-12-28,1.427,1.472,1.477,1.424,2630551,136872663.0,3.69,2.51,0.036,9.0,-0.6267409470752018,2.506963788300838,-0.4076086956521742
435,2023-12-29,1.466,1.469,1.48,1.458,1732292,90963288.0,1.49,-0.2,-0.003,5.93,-0.4076086956521742,-0.2038043478260796,0.0
436,2024-01-02,1.469,1.441,1.469,1.436,1945596,100695506.0,2.25,-1.91,-0.028,6.66,0.0,-1.9060585432266863,0.0
437,2024-01-03,1.441,1.444,1.458,1.436,2138999,110826300.0,1.53,0.21,0.003,7.32,0.0,0.2081887578070709,-0.20775623268697313
438,2024-01-04,1.441,1.427,1.444,1.416,1742497,88888667.0,1.94,-1.18,-0.017,5.96,-0.20775623268697313,-1.1772853185595502,-0.5606166783461813
439,2024-01-05,1.419,1.419,1.444,1.413,1791776,91678631.0,2.17,-0.56,-0.008,6.13,-0.5606166783461813,-0.5606166783461813,0.5637773079633549
440,2024-01-08,1.427,1.396,1.433,1.394,1357365,68594527.0,2.75,-1.62,-0.023,4.65,0.5637773079633549,-1.6208597603946533,-0.1432664756446993
441,2024-01-09,1.394,1.405,1.416,1.385,1514728,75954970.0,2.22,0.64,0.009,5.19,-0.1432664756446993,0.6446991404011547,-0.21352313167260595
442,2024-01-10,1.402,1.399,1.41,1.385,2000710,100246586.0,1.78,-0.43,-0.006,6.85,-0.21352313167260595,-0.42704626334519613,-0.21443888491780658
443,2024-01-11,1.396,1.41,1.413,1.388,2118444,106233258.0,1.79,0.79,0.011,7.25,-0.21443888491780658,0.7862759113652535,-0.35460992907800665
444,2024-01-12,1.405,1.408,1.427,1.402,1874801,94882813.0,1.77,-0.14,-0.002,6.42,-0.35460992907800665,-0.14184397163120582,-0.42613636363636404
445,2024-01-15,1.402,1.416,1.422,1.385,1669552,83965780.0,2.63,0.57,0.008,5.72,-0.42613636363636404,0.5681818181818187,-0.56497175141243
446,2024-01-16,1.408,1.402,1.419,1.382,1568970,78597887.0,2.61,-0.99,-0.014,5.37,-0.56497175141243,-0.9887005649717524,-0.7845934379457846
447,2024-01-17,1.391,1.36,1.394,1.357,1500771,73988513.0,2.64,-3.0,-0.042,5.14,-0.7845934379457846,-2.9957203994293735,-0.5882352941176475
448,2024-01-18,1.352,1.357,1.36,1.321,2122410,102235999.0,2.87,-0.22,-0.003,7.27,-0.5882352941176475,-0.22058823529412597,-0.3684598378776635
449,2024-01-19,1.352,1.355,1.374,1.349,2739814,133537588.0,1.84,-0.15,-0.002,9.38,-0.3684598378776635,-0.14738393515106868,-0.4428044280442809
450,2024-01-22,1.349,1.293,1.352,1.285,1969682,93286710.0,4.94,-4.58,-0.062,6.74,-0.4428044280442809,-4.575645756457568,-0.464037122969838
451,2024-01-23,1.287,1.315,1.321,1.279,1890399,88013278.0,3.25,1.7,0.022,6.47,-0.464037122969838,1.7014694508894062,0.0
452,2024-01-24,1.315,1.363,1.366,1.313,3301593,158148545.0,4.03,3.65,0.048,11.3,0.0,3.6501901140684447,0.22010271460015507
453,2024-01-25,1.366,1.444,1.444,1.363,3520090,177650096.0,5.94,5.94,0.081,12.05,0.22010271460015507,5.942773294203959,0.0
454,2024-01-26,1.444,1.486,1.505,1.438,5593373,296213513.0,4.64,2.91,0.042,19.15,0.0,2.9085872576177314,1.144010767160155
455,2024-01-29,1.503,1.449,1.503,1.449,4592035,243409022.0,3.63,-2.49,-0.037,15.72,1.144010767160155,-2.4899057873485817,-0.7591442374051153
456,2024-01-30,1.438,1.391,1.449,1.388,3040814,154592698.0,4.21,-4.0,-0.058,10.41,-0.7591442374051153,-4.002760524499658,-0.2156721782890089
457,2024-01-31,1.388,1.349,1.396,1.343,2769566,135646377.0,3.81,-3.02,-0.042,9.48,-0.2156721782890089,-3.019410496046013,-1.2601927353595186
458,2024-02-01,1.332,1.321,1.349,1.304,2242383,106402071.0,3.34,-2.08,-0.028,7.68,-1.2601927353595186,-2.0756115641215733,0.0
459,2024-02-02,1.321,1.31,1.368,1.271,2501646,118742329.0,7.34,-0.83,-0.011,8.56,0.0,-0.8327024981074866,-0.8396946564885589
460,2024-02-05,1.299,1.232,1.299,1.215,2321552,103460239.0,6.41,-5.95,-0.078,7.95,-0.8396946564885589,-5.954198473282448,-1.1363636363636374
461,2024-02-06,1.218,1.276,1.287,1.187,2988522,132427432.0,8.12,3.57,0.044,10.23,-1.1363636363636374,3.5714285714285747,-0.15673981191222586
462,2024-02-07,1.274,1.279,1.29,1.254,4242466,192925582.0,2.82,0.24,0.003,14.52,-0.15673981191222586,0.23510971786833007,0.23455824863175245
463,2024-02-08,1.282,1.346,1.346,1.282,3147318,148751858.0,5.0,5.24,0.067,10.77,0.23455824863175245,5.23846755277562,0.0
464,2024-02-19,1.346,1.343,1.352,1.315,2372564,113148288.0,2.75,-0.22,-0.003,8.12,0.0,-0.22288261515602628,0.4467609828741627
465,2024-02-20,1.349,1.357,1.36,1.335,3153264,152608193.0,1.86,1.04,0.014,10.79,0.4467609828741627,1.0424422933730464,-0.5895357406042747
466,2024-02-21,1.349,1.382,1.416,1.332,6399261,318105440.0,6.19,1.84,0.025,21.91,-0.5895357406042747,1.8422991893883502,-0.7959479015918887
467,2024-02-22,1.371,1.385,1.391,1.363,2388606,117700886.0,2.03,0.22,0.003,8.18,-0.7959479015918887,0.21707670043416166,-0.21660649819495403
468,2024-02-23,1.382,1.394,1.396,1.374,1892871,93948177.0,1.59,0.65,0.009,6.48,-0.21660649819495403,0.6498194945848301,-0.4304160688665714
469,2024-02-26,1.388,1.38,1.399,1.368,3661696,180501460.0,2.22,-1.0,-0.014,12.53,-0.4304160688665714,-1.0043041606886667,-0.43478260869563645
470,2024-02-27,1.374,1.408,1.408,1.368,2863784,142612166.0,2.9,2.03,0.028,9.8,-0.43478260869563645,2.0289855072463787,0.0
471,2024-02-28,1.408,1.366,1.424,1.363,3630232,182676873.0,4.33,-2.98,-0.042,12.43,0.0,-2.9829545454545325,-0.6588579795022049
472,2024-02-29,1.357,1.391,1.394,1.355,2557935,126175572.0,2.86,1.83,0.025,8.76,-0.6588579795022049,1.8301610541727606,0.0
473,2024-03-01,1.391,1.391,1.399,1.377,2086766,103755497.0,1.58,0.0,0.0,7.14,0.0,0.0,-0.6470165348670107
474,2024-03-04,1.382,1.352,1.382,1.338,4409844,213097711.0,3.16,-2.8,-0.039,15.1,-0.6470165348670107,-2.803738317757004,-0.4437869822485211
475,2024-03-05,1.346,1.346,1.357,1.324,2727951,130898457.0,2.44,-0.44,-0.006,9.34,-0.4437869822485211,-0.4437869822485211,-0.8172362555720742
476,2024-03-06,1.335,1.338,1.352,1.327,1565990,74993033.0,1.86,-0.59,-0.008,5.36,-0.8172362555720742,-0.594353640416048,-0.2242152466367798
477,2024-03-07,1.335,1.329,1.352,1.327,1929917,92422636.0,1.87,-0.67,-0.009,6.61,-0.2242152466367798,-0.6726457399103227,-0.37622272385251265
478,2024-03-08,1.324,1.318,1.332,1.307,1367645,64545471.0,1.88,-0.83,-0.011,4.68,-0.37622272385251265,-0.8276899924755379,0.22761760242791285
479,2024-03-11,1.321,1.352,1.352,1.318,2154040,102958066.0,2.58,2.58,0.034,7.37,0.22761760242791285,2.579666160849775,0.0
480,2024-03-12,1.352,1.408,1.419,1.346,5151240,254962005.0,5.4,4.14,0.056,17.63,0.0,4.142011834319514,-1.4204545454545467
481,2024-03-13,1.388,1.374,1.399,1.368,2592486,128031680.0,2.2,-2.41,-0.034,8.87,-1.4204545454545467,-2.4147727272727137,-0.21834061135372007
482,2024-03-14,1.371,1.382,1.396,1.368,3492234,172826687.0,2.04,0.58,0.008,11.95,-0.21834061135372007,0.5822416302765491,-0.3617945007235813
483,2024-03-15,1.377,1.38,1.391,1.366,1544580,76074058.0,1.81,-0.14,-0.002,5.29,-0.3617945007235813,-0.14471780028943573,0.0
484,2024-03-18,1.38,1.382,1.382,1.366,1869562,91928751.0,1.16,0.14,0.002,6.4,0.0,0.1449275362318842,-0.14471780028943573
485,2024-03-19,1.38,1.366,1.382,1.366,2382165,117306838.0,1.16,-1.16,-0.016,8.15,-0.14471780028943573,-1.1577424023154699,-0.21961932650074034
486,2024-03-20,1.363,1.368,1.377,1.357,1850664,90652924.0,1.46,0.15,0.002,6.33,-0.21961932650074034,0.1464128843338215,0.0
487,2024-03-21,1.368,1.382,1.391,1.368,2178456,107662760.0,1.68,1.02,0.014,7.46,0.0,1.0233918128654818,-0.3617945007235813
488,2024-03-22,1.377,1.355,1.377,1.343,2488029,120859678.0,2.46,-1.95,-0.027,8.52,-0.3617945007235813,-1.9536903039073745,0.14760147601476029
489,2024-03-25,1.357,1.368,1.396,1.346,3606349,177648100.0,3.69,0.96,0.013,12.34,0.14760147601476029,0.95940959409595,0.0
490,2024-03-26,1.368,1.388,1.391,1.357,4101413,202113772.0,2.49,1.46,0.02,14.04,0.0,1.4619883040935522,-0.21613832853025158
491,2024-03-27,1.385,1.346,1.385,1.341,3025463,147067928.0,3.17,-3.03,-0.042,10.36,-0.21613832853025158,-3.025936599423618,-0.3714710252600383
492,2024-03-28,1.341,1.349,1.363,1.338,2738046,132672652.0,1.86,0.22,0.003,9.37,-0.3714710252600383,0.22288261515600977,-0.8154188287620384
493,2024-03-29,1.338,1.332,1.346,1.327,1811336,86472798.0,1.41,-1.26,-0.017,6.2,-0.8154188287620384,-1.2601927353595186,0.22522522522521707
494,2024-04-01,1.335,1.352,1.357,1.332,1939174,93408710.0,1.88,1.5,0.02,6.64,0.22522522522521707,1.5015015015015027,-0.22189349112426873
495,2024-04-02,1.349,1.335,1.352,1.329,2108483,100910962.0,1.7,-1.26,-0.017,7.22,-0.22189349112426873,-1.2573964497041512,-0.4494382022471914
496,2024-04-03,1.329,1.315,1.335,1.315,1291366,61142125.0,1.5,-1.5,-0.02,4.42,-0.4494382022471914,-1.4981273408239715,-0.15209125475285185
497,2024-04-08,1.313,1.296,1.324,1.293,1737680,81553236.0,2.36,-1.44,-0.019,5.95,-0.15209125475285185,-1.444866920152084,0.0
498,2024-04-09,1.296,1.301,1.304,1.29,1354480,62975305.0,1.08,0.39,0.005,4.64,0.0,0.38580246913579425,0.0
499,2024-04-10,1.301,1.262,1.304,1.254,2026653,92354531.0,3.84,-3.0,-0.039,6.94,0.0,-2.997694081475782,-0.39619651347069057
500,2024-04-11,1.257,1.262,1.271,1.246,1578504,71123571.0,1.98,0.0,0.0,5.4,-0.39619651347069057,0.0,-0.15847860538827271
501,2024-04-12,1.26,1.232,1.262,1.229,1441664,64107171.0,2.61,-2.38,-0.03,4.93,-0.15847860538827271,-2.377179080824091,-0.2435064935064847
502,2024-04-15,1.229,1.218,1.24,1.195,1755633,76682912.0,3.65,-1.14,-0.014,6.01,-0.2435064935064847,-1.1363636363636374,-0.9852216748768482
503,2024-04-16,1.206,1.193,1.22,1.181,2359217,101169027.0,3.2,-2.05,-0.025,8.08,-0.9852216748768482,-2.0525451559934247,-0.502933780385583
504,2024-04-17,1.187,1.22,1.226,1.187,1955002,84948264.0,3.27,2.26,0.027,6.69,-0.502933780385583,2.2632020117351144,-0.16393442622950835
505,2024-04-18,1.218,1.212,1.229,1.204,1596052,69543867.0,2.05,-0.66,-0.008,5.46,-0.16393442622950835,-0.6557377049180334,-0.4950495049504955
506,2024-04-19,1.206,1.198,1.22,1.195,1717886,74038944.0,2.06,-1.16,-0.014,5.88,-0.4950495049504955,-1.1551155115511562,0.0
507,2024-04-22,1.198,1.195,1.212,1.187,1488682,63745530.0,2.09,-0.25,-0.003,5.1,0.0,-0.2504173622704417,0.0
508,2024-04-23,1.195,1.181,1.198,1.179,1572584,66885703.0,1.59,-1.17,-0.014,5.38,0.0,-1.1715481171548126,0.5080440304826422
509,2024-04-24,1.187,1.184,1.187,1.165,1897790,79828154.0,1.86,0.25,0.003,6.5,0.5080440304826422,0.25402201524131174,-0.4222972972972883
510,2024-04-25,1.179,1.19,1.198,1.173,1833535,78032321.0,2.11,0.51,0.006,6.28,-0.4222972972972883,0.5067567567567572,0.0
511,2024-04-26,1.19,1.234,1.243,1.179,6620054,289520931.0,5.38,3.7,0.044,22.66,0.0,3.6974789915966424,-0.4051863857374306
512,2024-04-29,1.229,1.335,1.338,1.229,14647105,684468763.0,8.83,8.18,0.101,50.14,-0.4051863857374306,8.184764991896271,-0.8239700374531759
513,2024-04-30,1.324,1.29,1.324,1.282,8665921,402660352.0,3.15,-3.37,-0.045,29.66,-0.8239700374531759,-3.3707865168539275,2.6356589147286846
514,2024-05-06,1.324,1.301,1.338,1.296,7243810,341807501.0,3.26,0.85,0.011,24.8,2.6356589147286846,0.8527131782945658,-1.076095311299002
515,2024-05-07,1.287,1.318,1.327,1.285,5683857,265468335.0,3.23,1.31,0.017,19.46,-1.076095311299002,1.306687163720225,-1.062215477996966
516,2024-05-08,1.304,1.279,1.307,1.274,4911445,225963009.0,2.5,-2.96,-0.039,16.81,-1.062215477996966,-2.959028831562985,0.4691164972634876
517,2024-05-09,1.285,1.301,1.318,1.276,6161079,286885740.0,3.28,1.72,0.022,21.09,0.4691164972634876,1.7200938232994543,0.23059185242122318
518,2024-05-10,1.304,1.349,1.357,1.296,8977670,426654681.0,4.69,3.69,0.048,30.73,0.23059185242122318,3.6894696387394346,-1.6308376575240935
519,2024-05-13,1.327,1.327,1.343,1.315,8576673,408270323.0,2.08,-1.63,-0.022,29.36,-1.6308376575240935,-1.6308376575240935,0.0
520,2024-05-14,1.327,1.332,1.349,1.318,5454335,260315442.0,2.34,0.38,0.005,18.67,0.0,0.37678975131877285,-0.22522522522523378
521,2024-05-15,1.329,1.357,1.394,1.324,13734403,671390863.0,5.26,1.88,0.025,47.01,-0.22522522522523378,1.87687687687687,0.0
522,2024-05-16,1.357,1.408,1.427,1.352,12200977,611920774.0,5.53,3.76,0.051,41.76,0.0,3.758290346352243,1.3494318181818274
523,2024-05-17,1.427,1.528,1.53,1.399,19346634,1010970260.0,9.3,8.52,0.12,66.23,1.3494318181818274,8.52272727272728,-1.6361256544502705
524,2024-05-20,1.503,1.491,1.53,1.469,19338309,1035735785.0,3.99,-2.42,-0.037,66.2,-1.6361256544502705,-2.421465968586382,-1.2743125419181842
525,2024-05-21,1.472,1.489,1.508,1.472,9932832,530268865.0,2.41,-0.13,-0.002,34.0,-1.2743125419181842,-0.13413816230717648,0.0
526,2024-05-22,1.489,1.508,1.561,1.489,16440840,897137602.0,4.84,1.28,0.019,56.28,0.0,1.276024177300195,-1.8567639257294446
527,2024-05-23,1.48,1.472,1.505,1.452,11344799,597866421.0,3.51,-2.39,-0.036,38.83,-1.8567639257294446,-2.387267904509286,-0.95108695652174
528,2024-05-24,1.458,1.422,1.461,1.419,7517460,387038446.0,2.85,-3.4,-0.05,25.73,-0.95108695652174,-3.396739130434786,-0.2109704641350135
529,2024-05-27,1.419,1.436,1.438,1.388,6713285,338428860.0,3.52,0.98,0.014,22.98,-0.2109704641350135,0.9845288326300994,0.5571030640668528
530,2024-05-28,1.444,1.391,1.449,1.385,8311022,420065672.0,4.46,-3.13,-0.045,28.45,0.5571030640668528,-3.1337047353760394,0.0
531,2024-05-29,1.391,1.396,1.422,1.385,5784974,290088848.0,2.66,0.36,0.005,19.8,0.0,0.3594536304816602,-1.0028653295128949
532,2024-05-30,1.382,1.363,1.385,1.357,5040011,246879650.0,2.01,-2.36,-0.033,17.25,-1.0028653295128949,-2.36389684813753,0.22010271460015507
533,2024-05-31,1.366,1.366,1.377,1.355,4487669,219276701.0,1.61,0.22,0.003,15.36,0.22010271460015507,0.22010271460015507,-1.0248901903367504
534,2024-06-03,1.352,1.335,1.357,1.327,5302053,254028901.0,2.2,-2.27,-0.031,18.15,-1.0248901903367504,-2.2693997071742413,-0.22471910112358742
535,2024-06-04,1.332,1.36,1.371,1.318,8444288,408311817.0,3.97,1.87,0.025,28.91,-0.22471910112358742,1.8726591760299727,-0.3676470588235379
536,2024-06-05,1.355,1.324,1.355,1.324,7192296,344417148.0,2.28,-2.65,-0.036,24.62,-0.3676470588235379,-2.647058823529414,0.37764350453171397
537,2024-06-06,1.329,1.301,1.338,1.293,6198698,290412269.0,3.4,-1.74,-0.023,21.22,0.37764350453171397,-1.7371601208459313,0.4611837048424293
538,2024-06-07,1.307,1.332,1.338,1.301,5366234,254662421.0,2.84,2.38,0.031,18.37,0.4611837048424293,2.382782475019227,-0.375375375375384
539,2024-06-11,1.327,1.321,1.338,1.304,4037499,191331299.0,2.55,-0.83,-0.011,13.82,-0.375375375375384,-0.8258258258258347,-0.6056018168054509
540,2024-06-12,1.313,1.313,1.324,1.301,3566300,167861374.0,1.74,-0.61,-0.008,12.21,-0.6056018168054509,-0.6056018168054509,0.8377760853008471
541,2024-06-13,1.324,1.293,1.327,1.285,5774327,268264443.0,3.2,-1.52,-0.02,19.77,0.8377760853008471,-1.5232292460015247,-0.618716163959784
542,2024-06-14,1.285,1.313,1.327,1.279,7135964,334088500.0,3.71,1.55,0.02,24.43,-0.618716163959784,1.54679040989946,-1.2947448591012873
543,2024-06-17,1.296,1.287,1.301,1.282,4537694,209615788.0,1.45,-1.98,-0.026,15.53,-1.2947448591012873,-1.980198019801982,-0.15540015540015556
544,2024-06-18,1.285,1.285,1.296,1.279,3871476,178402621.0,1.32,-0.16,-0.002,13.25,-0.15540015540015556,-0.15540015540015556,-0.23346303501944685
545,2024-06-19,1.282,1.276,1.29,1.271,3333638,152677431.0,1.48,-0.7,-0.009,11.41,-0.23346303501944685,-0.7003891050583578,-0.39184952978057336
546,2024-06-20,1.271,1.234,1.274,1.234,4361966,194599378.0,3.13,-3.29,-0.042,14.93,-0.39184952978057336,-3.2915360501567426,0.4862236628849275
547,2024-06-21,1.24,1.24,1.251,1.234,3055544,135823267.0,1.38,0.49,0.006,10.46,0.4862236628849275,0.4862236628849275,-0.6451612903225813
548,2024-06-24,1.232,1.195,1.234,1.193,4225156,182329121.0,3.31,-3.63,-0.045,14.46,-0.6451612903225813,-3.6290322580645102,-0.1673640167364018
549,2024-06-25,1.193,1.212,1.232,1.19,4534129,196691796.0,3.51,1.42,0.017,15.52,-0.1673640167364018,1.4225941422594062,-0.6600660066006607
550,2024-06-26,1.204,1.22,1.223,1.195,3967874,171586552.0,2.31,0.66,0.008,13.58,-0.6600660066006607,0.6600660066006607,0.0
551,2024-06-27,1.22,1.195,1.226,1.193,3072585,132692313.0,2.7,-2.05,-0.025,10.52,0.0,-2.049180327868845,-0.9205020920502193
552,2024-06-28,1.184,1.179,1.206,1.17,5037646,214519826.0,3.01,-1.34,-0.016,17.24,-0.9205020920502193,-1.3389121338912144,-0.5089058524173032
553,2024-07-01,1.173,1.232,1.234,1.173,6591899,286511484.0,5.17,4.5,0.053,22.56,-0.5089058524173032,4.495335029686169,-1.1363636363636374
554,2024-07-02,1.218,1.223,1.251,1.218,4534178,200665660.0,2.68,-0.73,-0.009,15.52,-1.1363636363636374,-0.7305194805194721,-0.4088307440719636
555,2024-07-03,1.218,1.237,1.254,1.204,5371241,237749138.0,4.09,1.14,0.014,18.39,-0.4088307440719636,1.1447260834014727,-0.6467259498787393
556,2024-07-04,1.229,1.195,1.234,1.19,3193217,138013078.0,3.56,-3.4,-0.042,10.93,-0.6467259498787393,-3.3953112368633818,-0.1673640167364018
557,2024-07-05,1.193,1.195,1.204,1.179,3085039,131559077.0,2.09,0.0,0.0,10.56,-0.1673640167364018,0.0,-0.6694560669456072
558,2024-07-08,1.187,1.151,1.19,1.148,5064895,210579062.0,3.51,-3.68,-0.044,17.34,-0.6694560669456072,-3.6820083682008398,-0.2606429192007049
559,2024-07-09,1.148,1.162,1.167,1.131,3165926,130462282.0,3.13,0.96,0.011,10.84,-0.2606429192007049,0.9556907037358731,-1.204819277108435
560,2024-07-10,1.148,1.148,1.165,1.131,2986227,122719496.0,2.93,-1.2,-0.014,10.22,-1.204819277108435,-1.204819277108435,0.6968641114982586
561,2024-07-11,1.156,1.173,1.179,1.148,3421238,142714940.0,2.7,2.18,0.025,11.71,0.6968641114982586,2.177700348432068,0.5115089514066501
562,2024-07-12,1.179,1.204,1.229,1.176,5632248,243180706.0,4.52,2.64,0.031,19.28,0.5115089514066501,2.6427962489343493,-0.9136212624584633
563,2024-07-15,1.193,1.184,1.195,1.179,3184462,135211916.0,1.33,-1.66,-0.02,10.9,-0.9136212624584633,-1.6611295681063138,-0.25337837837836924
564,2024-07-16,1.181,1.19,1.201,1.173,3294914,140058407.0,2.36,0.51,0.006,11.28,-0.25337837837836924,0.5067567567567572,-0.5042016806722693
565,2024-07-17,1.184,1.209,1.22,1.184,3627723,157165781.0,3.03,1.6,0.019,12.42,-0.5042016806722693,1.5966386554621959,-0.4135649296939715
566,2024-07-18,1.204,1.218,1.22,1.193,2678533,115683731.0,2.23,0.74,0.009,9.17,-0.4135649296939715,0.7444168734491229,-0.9852216748768482
567,2024-07-19,1.206,1.201,1.209,1.187,4014792,171592581.0,1.81,-1.4,-0.017,13.74,-0.9852216748768482,-1.395730706075526,0.0
568,2024-07-22,1.201,1.19,1.201,1.181,3021220,128623286.0,1.67,-0.92,-0.011,10.34,0.0,-0.915903413821825,0.0
569,2024-07-23,1.19,1.173,1.201,1.17,2979664,126745716.0,2.61,-1.43,-0.017,10.2,0.0,-1.4285714285714206,-0.2557544757033345
570,2024-07-24,1.17,1.145,1.179,1.142,3293019,136389180.0,3.15,-2.39,-0.028,11.27,-0.2557544757033345,-2.3870417732310334,-0.2620087336244641
571,2024-07-25,1.142,1.151,1.162,1.139,3326935,137345669.0,2.01,0.52,0.006,11.39,-0.2620087336244641,0.5240174672489087,0.0
572,2024-07-26,1.151,1.162,1.179,1.151,2957318,123172847.0,2.43,0.96,0.011,10.12,0.0,0.9556907037358731,0.0
573,2024-07-29,1.162,1.151,1.165,1.142,2034490,83842880.0,1.98,-0.95,-0.011,6.96,0.0,-0.9466437177280465,-0.2606429192007049
574,2024-07-30,1.148,1.176,1.179,1.148,3318038,138600513.0,2.69,2.17,0.025,11.36,-0.2606429192007049,2.1720243266724513,-0.2551020408163173
575,2024-07-31,1.173,1.22,1.223,1.165,4172031,178939334.0,4.93,3.74,0.044,14.28,-0.2551020408163173,3.741496598639459,-0.16393442622950835
576,2024-08-01,1.218,1.201,1.229,1.195,2894814,124813371.0,2.79,-1.56,-0.019,9.91,-0.16393442622950835,-1.55737704918032,-0.915903413821825
577,2024-08-02,1.19,1.195,1.209,1.187,2823329,120940374.0,1.83,-0.5,-0.006,9.66,-0.915903413821825,-0.49958368026644506,-1.1715481171548126
578,2024-08-05,1.181,1.181,1.215,1.179,3466690,148914386.0,3.01,-1.17,-0.014,11.87,-1.1715481171548126,-1.1715481171548126,0.5080440304826422
579,2024-08-06,1.187,1.204,1.209,1.181,3810869,163074845.0,2.37,1.95,0.023,13.04,0.5080440304826422,1.9475021168501194,-0.24916943521593785
580,2024-08-07,1.201,1.195,1.204,1.184,2506798,107037438.0,1.66,-0.75,-0.009,8.58,-0.24916943521593785,-0.747508305647832,0.5020920502092054
581,2024-08-08,1.201,1.215,1.237,1.19,4479453,194634169.0,3.93,1.67,0.02,15.33,0.5020920502092054,1.673640167364018,-0.905349794238693
582,2024-08-09,1.204,1.232,1.26,1.201,6948178,308718131.0,4.86,1.4,0.017,23.78,-0.905349794238693,1.3991769547325024,-0.5681818181818097
583,2024-08-12,1.225,1.191,1.228,1.188,1239270,148994216.0,3.25,-3.33,-0.041,4.24,-0.5681818181818097,-3.327922077922072,-0.16792611251049552
584,2024-08-13,1.189,1.188,1.192,1.176,997976,118087286.0,1.34,-0.25,-0.003,3.42,-0.16792611251049552,-0.2518891687657526,0.0841750841750936
585,2024-08-14,1.189,1.177,1.193,1.176,941894,111404816.0,1.43,-0.93,-0.011,3.22,0.0841750841750936,-0.9259259259259174,-0.16992353440951588
586,2024-08-15,1.175,1.198,1.204,1.17,1337047,159100665.0,2.89,1.78,0.021,4.58,-0.16992353440951588,1.784197111299907,-0.41736227045074237
587,2024-08-16,1.193,1.182,1.2,1.181,919957,109297125.0,1.59,-1.34,-0.016,3.15,-0.41736227045074237,-1.3355592654424053,-0.5076142131979701
588,2024-08-19,1.176,1.179,1.192,1.169,1127963,133168981.0,1.95,-0.25,-0.003,3.86,-0.5076142131979701,-0.2538071065989756,0.3392705682782022
589,2024-08-20,1.183,1.159,1.184,1.156,925204,107867237.0,2.37,-1.7,-0.02,3.17,0.3392705682782022,-1.6963528413910107,-0.17256255392579825
590,2024-08-21,1.157,1.155,1.164,1.147,1228775,142083674.0,1.47,-0.35,-0.004,4.21,-0.17256255392579825,-0.3451251078515965,0.34632034632034664
591,2024-08-22,1.159,1.15,1.172,1.149,970210,112594178.0,1.99,-0.43,-0.005,3.32,0.34632034632034664,-0.4329004329004429,-0.34782608695652206
592,2024-08-23,1.146,1.144,1.15,1.137,845366,96655627.0,1.13,-0.52,-0.006,2.89,-0.34782608695652206,-0.521739130434783,-0.34965034965035
593,2024-08-26,1.14,1.156,1.165,1.135,960331,110645852.0,2.62,1.05,0.012,3.29,-0.34965034965035,1.04895104895105,-0.17301038062283752
594,2024-08-27,1.154,1.122,1.155,1.118,1028604,116389479.0,3.2,-2.94,-0.034,3.52,-0.17301038062283752,-2.941176470588219,-0.17825311942959016
595,2024-08-28,1.12,1.11,1.124,1.107,955259,106515255.0,1.52,-1.07,-0.012,3.27,-0.17825311942959016,-1.0695187165775408,-0.2702702702702805
596,2024-08-29,1.107,1.116,1.12,1.104,895432,99656952.0,1.44,0.54,0.006,3.07,-0.2702702702702805,0.540540540540541,-0.26881720430108547
597,2024-08-30,1.113,1.172,1.2,1.113,2594888,302167321.0,7.8,5.02,0.056,8.88,-0.26881720430108547,5.017921146953389,-1.2798634812286607
598,2024-09-02,1.157,1.136,1.166,1.136,1317252,151579297.0,2.56,-3.07,-0.036,4.51,-1.2798634812286607,-3.0716723549488085,-0.1760563380281692
599,2024-09-03,1.134,1.152,1.163,1.128,1156992,132811135.0,3.08,1.41,0.016,3.96,-0.1760563380281692,1.4084507042253536,-0.9548611111111024
600,2024-09-04,1.141,1.142,1.17,1.139,983774,113455883.0,2.69,-0.87,-0.01,3.37,-0.9548611111111024,-0.8680555555555565,1.0507880910683023
601,2024-09-05,1.154,1.164,1.17,1.145,1158128,134164949.0,2.19,1.93,0.022,3.96,1.0507880910683023,1.9264448336252207,-0.8591065292096227
602,2024-09-06,1.154,1.147,1.163,1.145,950751,109511486.0,1.55,-1.46,-0.017,3.25,-0.8591065292096227,-1.4604810996563493,-0.6974716652136014
603,2024-09-09,1.139,1.137,1.148,1.126,742609,84331731.0,1.92,-0.87,-0.01,2.54,-0.6974716652136014,-0.8718395815170017,0.17590149516270903
604,2024-09-10,1.139,1.127,1.143,1.111,1056139,118852837.0,2.81,-0.88,-0.01,3.62,0.17590149516270903,-0.8795074758135452,-0.532386867790595
605,2024-09-11,1.121,1.13,1.135,1.115,821558,92558636.0,1.77,0.27,0.003,2.81,-0.532386867790595,0.26619343389528766,-0.17699115044247804
606,2024-09-12,1.128,1.132,1.146,1.127,881939,100209528.0,1.68,0.18,0.002,3.02,-0.17699115044247804,0.17699115044247804,0.08833922261485089
607,2024-09-13,1.133,1.142,1.148,1.131,1222780,139573005.0,1.5,0.88,0.01,4.19,0.08833922261485089,0.8833922261484108,0.08756567425570157
608,2024-09-18,1.143,1.169,1.18,1.133,2024281,233903527.0,4.12,2.36,0.027,6.93,0.08756567425570157,2.36427320490369,0.5132591958939269
609,2024-09-19,1.175,1.199,1.218,1.17,2655585,317286293.0,4.11,2.57,0.03,9.09,0.5132591958939269,2.566295979469634,-1.5012510425354475
610,2024-09-20,1.181,1.217,1.224,1.178,2210852,266142898.0,3.84,1.5,0.018,7.57,-1.5012510425354475,1.5012510425354475,-0.6573541495480696
611,2024-09-23,1.209,1.215,1.227,1.199,1478913,179848235.0,2.3,-0.16,-0.002,5.06,-0.6573541495480696,-0.1643385373870174,2.222222222222215
612,2024-09-24,1.242,1.248,1.25,1.208,2714345,334685000.0,3.46,2.72,0.033,9.29,2.222222222222215,2.7160493827160423,0.8012820512820521
613,2024-09-25,1.258,1.268,1.324,1.254,2973259,385390513.0,5.61,1.6,0.02,10.18,0.8012820512820521,1.6025641025641042,-1.1041009463722407
614,2024-09-26,1.254,1.395,1.395,1.254,4911019,659698156.0,11.12,10.02,0.127,16.81,-1.1041009463722407,10.015772870662461,5.01792114695341
615,2024-09-27,1.465,1.534,1.535,1.416,4635794,676512373.0,8.53,9.96,0.139,15.87,5.01792114695341,9.964157706093191,9.973924380704043
616,2024-09-30,1.687,1.687,1.687,1.525,14575404,2360585724.0,10.56,9.97,0.153,49.89,9.973924380704043,9.973924380704043,9.958506224066385
617,2024-10-08,1.855,1.651,1.856,1.557,16966069,2890708424.0,17.72,-2.13,-0.036,58.08,9.958506224066385,-2.1339656194427996,-5.632949727437914
618,2024-10-09,1.558,1.486,1.558,1.486,8831007,1327030360.0,4.36,-9.99,-0.165,30.23,-5.632949727437914,-9.993943064809208,-3.7685060565275945
619,2024-10-10,1.43,1.472,1.516,1.424,6481349,950055307.0,6.19,-0.94,-0.014,22.19,-3.7685060565275945,-0.9421265141318986,-0.95108695652174
620,2024-10-11,1.458,1.469,1.495,1.44,4029201,590944078.0,3.74,-0.2,-0.003,13.79,-0.95108695652174,-0.2038043478260796,3.199455411844788
621,2024-10-14,1.516,1.518,1.533,1.48,6250288,940323876.0,3.61,3.34,0.049,21.4,3.199455411844788,3.3356024506466935,-1.5151515151515091
622,2024-10-15,1.495,1.495,1.541,1.483,4045394,612574619.0,3.82,-1.52,-0.023,13.85,-1.5151515151515091,-1.5151515151515091,1.2040133779264075
623,2024-10-16,1.513,1.581,1.585,1.508,7555390,1174869408.0,5.15,5.75,0.086,25.86,1.2040133779264075,5.752508361204003,0.6325110689437071
624,2024-10-17,1.591,1.479,1.591,1.475,7594084,1156939947.0,7.34,-6.45,-0.102,26.0,0.6325110689437071,-6.451612903225798,-1.8255578093306377
625,2024-10-18,1.452,1.509,1.535,1.431,7506361,1101944746.0,7.03,2.03,0.03,25.69,-1.8255578093306377,2.0283975659229077,-0.8614976805831611
626,2024-10-21,1.496,1.512,1.525,1.487,3529066,531847586.0,2.52,0.2,0.003,12.08,-0.8614976805831611,0.19880715705766164,-0.7936507936507943
627,2024-10-22,1.5,1.524,1.529,1.5,2358196,357876295.0,1.92,0.79,0.012,8.07,-0.7936507936507943,0.7936507936507943,-0.13123359580052504
628,2024-10-23,1.522,1.528,1.546,1.515,2306930,353778679.0,2.03,0.26,0.004,7.9,-0.13123359580052504,0.2624671916010501,-0.9162303664921474
629,2024-10-24,1.514,1.522,1.54,1.51,1861834,284167921.0,1.96,-0.39,-0.006,6.37,-0.9162303664921474,-0.39267015706806313,0.328515111695131
630,2024-10-25,1.527,1.549,1.563,1.522,2417904,374880845.0,2.69,1.77,0.027,8.28,0.328515111695131,1.7739816031537392,0.2582311168495806
631,2024-10-28,1.553,1.605,1.606,1.553,4345642,691534649.0,3.42,3.62,0.056,14.88,0.2582311168495806,3.615235635894128,0.311526479750786
632,2024-10-29,1.61,1.573,1.629,1.572,2332785,372231568.0,3.55,-1.99,-0.032,7.99,0.311526479750786,-1.9937694704049862,0.0
633,2024-10-30,1.573,1.597,1.621,1.569,2322639,370245085.0,3.31,1.53,0.024,7.95,0.0,1.5257469802924362,-0.626174076393238
634,2024-10-31,1.587,1.652,1.705,1.583,4830181,799737850.0,7.64,3.44,0.055,16.53,-0.626174076393238,3.443957420162801,0.18159806295400205
635,2024-11-01,1.655,1.646,1.692,1.624,3206377,531301283.0,4.12,-0.36,-0.006,10.98,0.18159806295400205,-0.36319612590799066,0.1822600243013435
636,2024-11-04,1.649,1.648,1.649,1.607,2382212,388075672.0,2.55,0.12,0.002,8.15,0.1822600243013435,0.12150668286755784,-0.36407766990291296
637,2024-11-05,1.642,1.723,1.726,1.638,3652207,621580471.0,5.34,4.55,0.075,12.5,-0.36407766990291296,4.550970873786419,-0.05803830528149227
638,2024-11-06,1.722,1.76,1.79,1.681,4423603,767772394.0,6.33,2.15,0.037,15.14,-0.05803830528149227,2.1474172954149693,-1.3636363636363649
639,2024-11-07,1.736,1.831,1.84,1.73,4960884,891380905.0,6.25,4.03,0.071,16.98,-1.3636363636363649,4.0340909090909065,1.5838339705079265
640,2024-11-08,1.86,1.766,1.865,1.756,4951621,887005818.0,5.95,-3.55,-0.065,16.95,1.5838339705079265,-3.549972692517747,-0.9626274065685109
641,2024-11-11,1.749,1.738,1.76,1.711,4007629,693611442.0,2.77,-1.59,-0.028,13.72,-0.9626274065685109,-1.5855039637599107,-0.11507479861910253
642,2024-11-12,1.736,1.729,1.761,1.711,2550304,443651960.0,2.88,-0.52,-0.009,8.73,-0.11507479861910253,-0.5178365937859549,-1.0410641989589366
643,2024-11-13,1.711,1.713,1.743,1.691,2067692,354067389.0,3.01,-0.93,-0.016,7.08,-1.0410641989589366,-0.9253903990746104,2.510215995329826
644,2024-11-14,1.756,1.649,1.756,1.646,3500426,589518364.0,6.42,-3.74,-0.064,11.98,2.510215995329826,-3.736135434909518,-0.9096422073984308
645,2024-11-15,1.634,1.594,1.65,1.592,2513975,407827824.0,3.52,-3.34,-0.055,8.61,-0.9096422073984308,-3.335354760460882,0.8782936010037647
646,2024-11-18,1.608,1.611,1.651,1.603,2547653,414130031.0,3.01,1.07,0.017,8.72,0.8782936010037647,1.066499372647422,0.06207324643079528
647,2024-11-19,1.612,1.62,1.621,1.567,3339934,530515306.0,3.35,0.56,0.009,11.43,0.06207324643079528,0.5586592178771024,-0.7407407407407414
648,2024-11-20,1.608,1.628,1.63,1.597,1617580,261121689.0,2.04,0.49,0.008,5.54,-0.7407407407407414,0.49382716049381387,-0.4914004914004782
649,2024-11-21,1.62,1.624,1.631,1.609,1088419,176251955.0,1.35,-0.25,-0.004,3.73,-0.4914004914004782,-0.2457002457002323,-0.06157635467980984
650,2024-11-22,1.623,1.584,1.642,1.581,1651614,267280288.0,3.76,-2.46,-0.04,5.65,-0.06157635467980984,-2.46305418719212,-0.3787878787878791
651,2024-11-25,1.578,1.577,1.591,1.552,1944044,304867167.0,2.46,-0.44,-0.007,6.65,-0.3787878787878791,-0.44191919191919926,-0.5072923272035514
652,2024-11-26,1.569,1.586,1.605,1.569,1455986,230965464.0,2.28,0.57,0.009,4.98,-0.5072923272035514,0.5707038681040025,-0.504413619167718
653,2024-11-27,1.578,1.613,1.613,1.548,1738582,274425981.0,4.1,1.7,0.027,5.95,-0.504413619167718,1.7023959646910412,-0.12399256044637331
654,2024-11-28,1.611,1.633,1.65,1.61,1651763,269512785.0,2.48,1.24,0.02,5.65,-0.12399256044637331,1.2399256044637332,-0.7960808328230189
655,2024-11-29,1.62,1.64,1.657,1.61,1901197,310807652.0,2.88,0.43,0.007,6.51,-0.7960808328230189,0.4286589099816225,-0.7317073170731715
656,2024-12-02,1.628,1.681,1.688,1.626,2532396,422309472.0,3.78,2.5,0.041,8.67,-0.7317073170731715,2.5000000000000093,0.0
657,2024-12-03,1.681,1.693,1.705,1.666,2471486,416418145.0,2.32,0.71,0.012,8.46,0.0,0.7138607971445574,-0.23626698168930912
658,2024-12-04,1.689,1.655,1.695,1.65,1910770,320615629.0,2.66,-2.24,-0.038,6.54,-0.23626698168930912,-2.244536326048437,-0.42296072507553584
659,2024-12-05,1.648,1.666,1.667,1.64,1269774,209933157.0,1.63,0.66,0.011,4.35,-0.42296072507553584,0.6646525679758246,0.1200480192076832
660,2024-12-06,1.668,1.69,1.704,1.656,1673462,281901769.0,2.88,1.44,0.024,5.73,0.1200480192076832,1.4405762304921983,-0.1183431952662723
661,2024-12-09,1.688,1.637,1.688,1.627,2354252,388370528.0,3.61,-3.14,-0.053,8.06,-0.1183431952662723,-3.136094674556209,7.819181429444098
662,2024-12-10,1.765,1.656,1.765,1.65,3230384,547348128.0,7.03,1.16,0.019,11.06,7.819181429444098,1.1606597434331036,-0.6038647342995175
663,2024-12-11,1.646,1.691,1.698,1.642,4461149,750919768.0,3.38,2.11,0.035,15.27,-0.6038647342995175,2.1135265700483177,-0.2956830277942114
664,2024-12-12,1.686,1.684,1.693,1.671,703339,118390069.0,1.3,-0.41,-0.007,2.41,-0.2956830277942114,-0.41395623891189337,
