Date,Open,Close,High,Low,Volume,Turnover
2020-09-23,0.983,0.984,0.989,0.975,1342281,131895354.0
2020-09-24,0.978,0.959,0.978,0.959,845634,81678664.0
2020-09-25,0.962,0.958,0.968,0.953,406514,39015092.0
2020-09-28,0.958,0.949,0.962,0.948,521557,49754985.0
2020-09-29,0.951,0.964,0.969,0.951,388866,37470125.0
2020-09-30,0.962,0.959,0.97,0.955,281215,27089151.0
2020-10-09,0.974,0.987,0.99,0.974,683655,67255946.0
2020-10-12,0.99,1.017,1.019,0.99,3719615,375876464.0
2020-10-13,1.016,1.023,1.027,1.014,2657593,271308496.0
2020-10-14,1.023,1.008,1.023,1.006,716517,72440215.0
2020-10-15,1.008,1.005,1.015,1.005,546053,55145698.0
2020-10-16,1.005,0.995,1.009,0.99,754598,75235162.0
2020-10-19,1.007,0.994,1.011,0.992,570064,57046346.0
2020-10-20,0.992,1.003,1.004,0.99,477564,47584691.0
2020-10-21,1.001,0.982,1.001,0.977,912900,90019124.0
2020-10-22,0.982,0.981,0.985,0.973,352058,34524256.0
2020-10-23,0.982,0.971,0.99,0.968,521754,50990152.0
2020-10-26,0.97,0.977,0.986,0.964,473694,46291951.0
2020-10-27,0.973,0.981,0.983,0.971,281190,27510680.0
2020-10-28,0.979,0.983,0.99,0.968,676783,66177030.0
2020-10-29,0.979,0.98,0.983,0.969,488823,47754803.0
2020-10-30,0.977,0.968,0.991,0.968,729923,71570799.0
2020-11-02,0.969,0.97,0.978,0.956,701830,67702298.0
2020-11-03,0.97,0.99,0.992,0.97,801640,79060992.0
2020-11-04,0.989,0.987,0.994,0.983,342861,33918332.0
2020-11-05,0.996,1.008,1.01,0.992,1695213,170422593.0
2020-11-06,1.01,1.01,1.015,1.001,1221889,123297304.0
2020-11-09,1.018,1.042,1.057,1.018,5876462,613273168.0
2020-11-10,1.04,1.023,1.04,1.02,829507,85147367.0
2020-11-11,1.02,0.994,1.021,0.993,1275484,127934023.0
2020-11-12,0.996,0.998,1.006,0.994,506571,50598422.0
2020-11-13,0.996,0.997,0.998,0.98,664015,65709032.0
2020-11-16,0.997,0.994,1.0,0.984,613169,60673113.0
2020-11-17,0.996,0.984,0.996,0.967,1394544,136097326.0
2020-11-18,0.98,0.981,0.988,0.977,456030,44804261.0
2020-11-19,0.98,0.993,0.995,0.971,863225,85360013.0
2020-11-20,0.99,0.992,0.999,0.989,327384,32504080.0
2020-11-23,0.992,0.987,0.993,0.98,640482,63080295.0
2020-11-24,0.986,0.986,0.994,0.984,433599,42836491.0
2020-11-25,0.987,0.972,0.989,0.971,937335,91661651.0
2020-11-26,0.971,0.966,0.976,0.963,879914,85137200.0
2020-11-27,0.969,0.968,0.972,0.958,642617,61823413.0
2020-11-30,0.967,0.969,0.976,0.958,534801,51793922.0
2020-12-01,0.969,0.978,0.98,0.966,481413,46947161.0
2020-12-02,0.977,0.984,0.988,0.977,631544,62068830.0
2020-12-03,0.984,0.988,0.993,0.981,701967,69429135.0
2020-12-04,0.987,0.99,0.993,0.983,450689,44587192.0
2020-12-07,0.993,0.987,0.999,0.987,500987,49730098.0
2020-12-08,0.986,0.983,0.99,0.982,292176,28772688.0
2020-12-09,0.983,0.969,0.984,0.967,545321,53194302.0
2020-12-10,0.97,0.966,0.973,0.958,562511,54213236.0
2020-12-11,0.965,0.959,0.969,0.951,806384,77256633.0
2020-12-14,0.96,0.957,0.96,0.945,633721,60207212.0
2020-12-15,0.954,0.961,0.962,0.952,328029,31423130.0
2020-12-16,0.961,0.952,0.962,0.95,460094,43840566.0
2020-12-17,0.95,0.951,0.952,0.934,790153,74523385.0
2020-12-18,0.952,0.945,0.954,0.943,404026,38288471.0
2020-12-21,0.943,0.955,0.955,0.939,482914,45913144.0
2020-12-22,0.953,0.931,0.954,0.928,1011418,95000683.0
2020-12-23,0.932,0.932,0.936,0.92,709930,65852592.0
2020-12-24,0.932,0.919,0.935,0.916,653116,60318705.0
2020-12-25,0.92,0.916,0.92,0.911,430940,39441299.0
2020-12-28,0.913,0.902,0.914,0.9,557017,50374334.0
2020-12-29,0.902,0.922,0.93,0.901,664715,61180183.0
2020-12-30,0.922,0.929,0.932,0.917,523042,48433409.0
2020-12-31,0.93,0.946,0.949,0.928,820733,77416083.0
2021-01-04,0.942,0.961,0.964,0.942,1065149,101989061.0
2021-01-05,0.961,0.979,0.981,0.957,1555804,151556837.0
2021-01-06,0.982,0.967,0.984,0.966,761252,74044629.0
2021-01-07,0.965,0.949,0.967,0.94,941373,89524970.0
2021-01-08,0.947,0.971,0.979,0.947,1122607,108818064.0
2021-01-11,0.979,0.985,0.999,0.975,1758707,174138320.0
2021-01-12,0.981,0.993,0.994,0.978,882326,87306491.0
2021-01-13,0.992,0.993,1.001,0.989,1306916,130102304.0
2021-01-14,0.993,1.003,1.017,0.986,2330375,234551488.0
2021-01-15,1.002,0.992,1.006,0.985,926966,92279167.0
2021-01-18,0.99,1.009,1.016,0.985,1923595,193572642.0
2021-01-19,1.009,1.004,1.02,1.002,1170547,118453042.0
2021-01-20,1.004,1.006,1.01,0.998,803672,80734363.0
2021-01-21,1.006,1.022,1.028,1.006,2348894,239716323.0
2021-01-22,1.021,1.015,1.024,1.006,988626,100274831.0
2021-01-25,1.008,1.006,1.021,0.998,1292047,130718356.0
2021-01-26,1.006,0.99,1.014,0.99,926584,92414659.0
2021-01-27,0.988,0.996,0.998,0.983,601381,59667912.0
2021-01-28,0.985,0.96,0.989,0.957,1051624,102341730.0
2021-01-29,0.961,0.945,0.97,0.931,1053704,100062303.0
2021-02-01,0.945,0.952,0.958,0.944,486980,46291624.0
2021-02-02,0.949,0.963,0.964,0.949,467662,44881814.0
2021-02-03,0.96,0.936,0.966,0.935,674161,64205698.0
2021-02-04,0.938,0.922,0.938,0.905,943867,86520799.0
2021-02-05,0.921,0.901,0.924,0.9,1006595,91624045.0
2021-02-08,0.905,0.914,0.922,0.898,801584,73080768.0
2021-02-09,0.917,0.933,0.934,0.912,702746,65161299.0
2021-02-10,0.932,0.951,0.953,0.932,849164,80334526.0
2021-02-18,0.958,0.961,0.973,0.958,1085471,104882390.0
2021-02-19,0.959,0.97,0.972,0.953,632304,60881496.0
2021-02-22,0.969,0.952,0.973,0.952,844206,81348899.0
2021-02-23,0.951,0.955,0.963,0.945,534531,51108081.0
2021-02-24,0.959,0.943,0.964,0.934,736561,69822283.0
2021-02-25,0.946,0.931,0.952,0.93,508864,47589571.0
2021-02-26,0.927,0.923,0.929,0.916,457668,42188534.0
2021-03-01,0.927,0.945,0.945,0.927,495327,46502772.0
2021-03-02,0.946,0.942,0.95,0.934,442672,41675495.0
2021-03-03,0.938,0.946,0.947,0.934,421702,39723262.0
2021-03-04,0.944,0.925,0.944,0.921,639648,59489981.0
2021-03-05,0.922,0.931,0.937,0.915,529113,49116442.0
2021-03-08,0.94,0.911,0.943,0.91,685933,63454149.0
2021-03-09,0.918,0.886,0.918,0.877,712922,63890145.0
2021-03-10,0.894,0.871,0.901,0.87,762591,67064445.0
2021-03-11,0.877,0.887,0.888,0.866,559908,49227489.0
2021-03-12,0.889,0.875,0.889,0.869,506157,44235745.0
2021-03-15,0.876,0.854,0.876,0.848,552983,47353226.0
2021-03-16,0.859,0.858,0.862,0.844,431969,36887290.0
2021-03-17,0.859,0.863,0.865,0.848,367285,31592977.0
2021-03-18,0.863,0.861,0.866,0.86,387259,33388895.0
2021-03-19,0.855,0.853,0.86,0.847,453464,38746501.0
2021-03-22,0.853,0.87,0.87,0.85,469325,40622076.0
2021-03-23,0.871,0.869,0.877,0.865,460547,40071500.0
2021-03-24,0.871,0.861,0.872,0.859,343287,29671276.0
2021-03-25,0.861,0.87,0.875,0.856,386806,33644524.0
2021-03-26,0.874,0.887,0.89,0.87,600139,52874280.0
2021-03-29,0.887,0.881,0.894,0.88,364972,32385165.0
2021-03-30,0.883,0.881,0.886,0.878,375317,33115683.0
2021-03-31,0.882,0.885,0.886,0.878,386271,34090905.0
2021-04-01,0.885,0.893,0.894,0.882,435591,38773953.0
2021-04-02,0.894,0.9,0.906,0.894,513343,46255509.0
2021-04-06,0.9,0.906,0.909,0.9,408683,36997668.0
2021-04-07,0.906,0.902,0.906,0.894,433890,38991055.0
2021-04-08,0.903,0.901,0.908,0.896,356466,32231203.0
2021-04-09,0.899,0.893,0.901,0.891,474023,42388517.0
2021-04-12,0.887,0.872,0.897,0.871,520027,45836157.0
2021-04-13,0.872,0.879,0.886,0.872,467968,41198181.0
2021-04-14,0.88,0.89,0.891,0.88,357072,31652486.0
2021-04-15,0.891,0.889,0.892,0.882,469285,41586493.0
2021-04-16,0.889,0.899,0.9,0.888,462583,41368174.0
2021-04-19,0.899,0.931,0.932,0.899,1055821,97518484.0
2021-04-20,0.928,0.927,0.935,0.926,631884,58814857.0
2021-04-21,0.924,0.923,0.926,0.919,434273,40059755.0
2021-04-22,0.922,0.928,0.932,0.922,665802,61764239.0
2021-04-23,0.928,0.919,0.928,0.917,531061,48950414.0
2021-04-26,0.919,0.914,0.929,0.912,900308,82947193.0
2021-04-27,0.914,0.902,0.914,0.895,526455,47441580.0
2021-04-28,0.9,0.904,0.904,0.894,350840,31577714.0
2021-04-29,0.903,0.904,0.912,0.901,494330,44693623.0
2021-04-30,0.901,0.889,0.901,0.881,758280,67475820.0
2021-05-06,0.893,0.88,0.893,0.876,424863,37492228.0
2021-05-07,0.881,0.865,0.883,0.863,631746,55154742.0
2021-05-10,0.865,0.859,0.867,0.854,593481,51059834.0
2021-05-11,0.86,0.87,0.872,0.849,626092,53693893.0
2021-05-12,0.868,0.877,0.877,0.861,434510,37905695.0
2021-05-13,0.873,0.873,0.88,0.868,546342,47776383.0
2021-05-14,0.875,0.882,0.882,0.867,499763,43761666.0
2021-05-17,0.88,0.889,0.898,0.88,804350,71758492.0
2021-05-18,0.889,0.892,0.895,0.882,514757,45782233.0
2021-05-19,0.891,0.893,0.898,0.888,492488,44052607.0
2021-05-20,0.89,0.896,0.9,0.89,466890,41882506.0
2021-05-21,0.899,0.89,0.902,0.89,417564,37316230.0
2021-05-24,0.89,0.915,0.916,0.889,895162,81059801.0
2021-05-25,0.915,0.934,0.936,0.914,977626,90667035.0
2021-05-26,0.934,0.927,0.941,0.926,711280,66336771.0
2021-05-27,0.932,0.941,0.946,0.927,858305,80596674.0
2021-05-28,0.936,0.94,0.947,0.935,712369,67161276.0
2021-05-31,0.943,0.951,0.954,0.943,724288,68791512.0
2021-06-01,0.952,0.956,0.962,0.948,661788,63269382.0
2021-06-02,0.95,0.935,0.958,0.933,572366,53869306.0
2021-06-03,0.935,0.929,0.944,0.929,429736,40315361.0
2021-06-04,0.925,0.934,0.939,0.925,432738,40426563.0
2021-06-07,0.94,0.95,0.95,0.936,552615,52220472.0
2021-06-08,0.955,0.949,0.96,0.946,576464,54964373.0
2021-06-09,0.947,0.951,0.956,0.945,407634,38709715.0
2021-06-10,0.951,0.979,0.98,0.95,1234748,119806326.0
2021-06-11,0.98,0.969,0.985,0.967,675132,66018410.0
2021-06-15,0.97,0.966,0.973,0.96,634902,61477202.0
2021-06-16,0.967,0.952,0.973,0.949,531769,51171200.0
2021-06-17,0.945,0.979,0.982,0.945,700839,67869992.0
2021-06-18,0.979,0.982,0.99,0.976,760162,74771120.0
2021-06-21,0.982,0.985,0.993,0.971,744755,73450225.0
2021-06-22,0.986,0.988,0.992,0.977,610266,60176784.0
2021-06-23,0.984,0.997,1.004,0.98,1163651,115822659.0
2021-06-24,0.998,0.98,0.998,0.977,552753,54274156.0
2021-06-25,0.977,0.979,0.984,0.971,430856,42057671.0
2021-06-28,0.978,0.989,0.992,0.974,607974,60010645.0
2021-06-29,0.988,0.979,0.992,0.979,579303,57045584.0
2021-06-30,0.976,1.005,1.006,0.976,1591149,159027875.0
2021-07-01,1.004,0.989,1.009,0.988,752073,75145370.0
2021-07-02,0.989,0.972,0.989,0.97,547474,53521156.0
2021-07-05,0.97,0.99,0.994,0.97,617498,60881025.0
2021-07-06,0.991,0.987,0.999,0.974,531205,52415805.0
2021-07-07,0.986,0.991,0.993,0.97,588895,57849196.0
2021-07-08,0.987,1.003,1.006,0.987,1219625,121932214.0
2021-07-09,1.0,0.991,1.0,0.979,625298,61716534.0
2021-07-12,0.992,1.026,1.027,0.991,2483001,252295826.0
2021-07-13,1.025,1.03,1.04,1.02,1464775,151150144.0
2021-07-14,1.024,1.012,1.026,1.012,831781,84735852.0
2021-07-15,1.006,1.017,1.021,1.006,849967,86315012.0
2021-07-16,1.017,1.009,1.025,1.008,599690,60962772.0
2021-07-19,1.006,1.02,1.021,0.998,629635,63560754.0
2021-07-20,1.017,1.018,1.02,1.006,618462,62715500.0
2021-07-21,1.018,1.042,1.05,1.018,1617788,168123372.0
2021-07-22,1.041,1.044,1.05,1.037,868068,90607041.0
2021-07-23,1.045,1.03,1.049,1.027,676844,69889728.0
2021-07-26,1.025,1.014,1.038,0.996,678573,69098674.0
2021-07-27,1.011,1.01,1.047,1.009,1045368,107765298.0
2021-07-28,1.005,0.992,1.01,0.968,636765,63099788.0
2021-07-29,0.997,1.02,1.025,0.997,694403,70535410.0
2021-07-30,1.018,1.014,1.021,1.004,565451,57262131.0
2021-08-02,1.011,1.027,1.029,1.009,635581,64899335.0
2021-08-03,1.02,1.021,1.042,1.017,689755,71242251.0
2021-08-04,1.021,1.035,1.038,1.017,753198,77758346.0
2021-08-05,1.035,1.022,1.035,1.02,569346,58440158.0
2021-08-06,1.02,1.018,1.025,1.01,470974,47842283.0
2021-08-09,1.017,1.029,1.032,1.011,644011,65940547.0
2021-08-10,1.019,1.036,1.036,1.019,679754,69965833.0
2021-08-11,1.035,1.028,1.036,1.023,433432,44519214.0
2021-08-12,1.028,1.028,1.042,1.024,592579,61133902.0
2021-08-13,1.025,1.0,1.025,0.998,683004,68661816.0
2021-08-16,0.997,1.001,1.009,0.992,490841,49151913.0
2021-08-17,1.002,0.976,1.005,0.973,532847,52706758.0
2021-08-18,0.97,0.977,0.981,0.968,425824,41470476.0
2021-08-19,0.987,0.98,0.987,0.975,419033,41110541.0
2021-08-20,0.977,0.982,0.994,0.971,417772,40937430.0
2021-08-23,0.982,1.007,1.009,0.982,590849,59093585.0
2021-08-24,1.008,1.005,1.012,1.0,484005,48664193.0
2021-08-25,1.001,1.0,1.006,0.996,381641,38096528.0
2021-08-26,1.0,0.977,1.0,0.977,481225,47545639.0
2021-08-27,0.979,0.979,0.981,0.973,577440,56423488.0
2021-08-30,0.98,0.981,0.994,0.976,478153,47028328.0
2021-08-31,0.98,0.954,0.98,0.949,728819,69906579.0
2021-09-01,0.951,0.959,0.964,0.943,517282,49355118.0
2021-09-02,0.959,0.945,0.959,0.942,524846,49709007.0
2021-09-03,0.942,0.944,0.95,0.936,526623,49665992.0
2021-09-06,0.944,0.959,0.96,0.936,492040,46783825.0
2021-09-07,0.958,0.964,0.966,0.952,500822,48120842.0
2021-09-08,0.969,0.961,0.969,0.955,415083,39866842.0
2021-09-09,0.957,0.956,0.962,0.951,391070,37363585.0
2021-09-10,0.956,0.963,0.966,0.951,485571,46524956.0
2021-09-13,0.96,0.951,0.961,0.947,495432,47102339.0
2021-09-14,0.951,0.948,0.966,0.947,587621,56398641.0
2021-09-15,0.949,0.94,0.949,0.938,476348,44926232.0
2021-09-16,0.94,0.927,0.947,0.927,499107,46679993.0
2021-09-17,0.928,0.929,0.931,0.915,429735,39581575.0
2021-09-22,0.922,0.926,0.929,0.916,374461,34532802.0
2021-09-23,0.927,0.937,0.942,0.927,498401,46682123.0
2021-09-24,0.941,0.938,0.944,0.937,476507,44821898.0
2021-09-27,0.944,0.934,0.951,0.929,1121949,105408610.0
2021-09-28,0.934,0.928,0.937,0.923,387719,36097731.0
2021-09-29,0.928,0.912,0.928,0.909,503350,46066457.0
2021-09-30,0.911,0.925,0.926,0.911,475004,43738355.0
2021-10-08,0.927,0.936,0.943,0.927,383608,35958918.0
2021-10-11,0.94,0.937,0.943,0.935,411300,38656958.0
2021-10-12,0.937,0.918,0.937,0.912,544594,50260124.0
2021-10-13,0.915,0.926,0.927,0.915,495977,45580803.0
2021-10-14,0.927,0.931,0.933,0.923,436983,40539241.0
2021-10-15,0.932,0.94,0.945,0.929,428467,40242693.0
2021-10-18,0.939,0.927,0.939,0.921,410459,38062819.0
2021-10-19,0.927,0.939,0.94,0.927,400272,37415423.0
2021-10-20,0.943,0.939,0.95,0.938,443568,41846893.0
2021-10-21,0.935,0.934,0.947,0.931,467317,43784817.0
2021-10-22,0.934,0.941,0.946,0.934,465901,43758110.0
2021-10-25,0.94,0.942,0.944,0.929,458663,42850644.0
2021-10-26,0.943,0.941,0.945,0.936,722682,68032902.0
2021-10-27,0.943,0.921,0.943,0.917,483107,44523180.0
2021-10-28,0.918,0.919,0.927,0.915,503674,46409235.0
2021-10-29,0.918,0.932,0.933,0.918,399928,37091556.0
2021-11-01,0.932,0.947,0.949,0.931,555982,52447488.0
2021-11-02,0.948,0.949,0.962,0.943,566167,54077739.0
2021-11-03,0.954,0.96,0.961,0.952,464616,44460524.0
2021-11-04,0.96,0.963,0.965,0.958,436236,41988856.0
2021-11-05,0.964,0.972,0.979,0.964,502010,48927011.0
2021-11-08,0.973,0.965,0.973,0.961,383062,36993520.0
2021-11-09,0.965,0.985,0.986,0.964,511889,49960696.0
2021-11-10,0.985,0.982,0.986,0.975,451613,44269076.0
2021-11-11,0.982,0.986,0.992,0.976,485655,47791263.0
2021-11-12,0.986,0.991,0.992,0.981,547775,54073907.0
2021-11-15,0.991,0.993,1.002,0.991,448829,44683165.0
2021-11-16,0.994,0.988,1.001,0.987,499131,49662039.0
2021-11-17,0.988,0.997,0.999,0.986,435789,43308828.0
2021-11-18,0.995,0.989,1.001,0.988,500916,49790846.0
2021-11-19,0.989,0.997,0.999,0.989,478155,47608839.0
2021-11-22,1.0,1.014,1.017,0.998,894331,90201214.0
2021-11-23,1.014,1.008,1.015,1.006,579277,58490107.0
2021-11-24,1.008,1.008,1.013,1.003,826819,83448389.0
2021-11-25,1.005,1.006,1.013,1.005,431272,43507828.0
2021-11-26,1.005,0.992,1.006,0.986,414165,41124369.0
2021-11-29,0.981,0.992,0.994,0.978,454091,44934993.0
2021-11-30,0.991,1.007,1.013,0.991,974612,98047464.0
2021-12-01,1.008,1.007,1.013,1.0,483126,48745555.0
2021-12-02,1.005,1.0,1.015,1.0,504452,50863224.0
2021-12-03,1.0,1.009,1.015,1.0,569494,57538771.0
2021-12-06,1.007,0.993,1.01,0.992,448721,44955099.0
2021-12-07,0.995,0.985,1.0,0.98,559769,55298969.0
2021-12-08,0.994,1.017,1.017,0.988,923332,93323382.0
2021-12-09,1.018,1.021,1.027,1.015,913773,93408784.0
2021-12-10,1.022,1.017,1.025,1.013,488125,49699690.0
2021-12-13,1.018,1.02,1.023,1.016,433782,44246040.0
2021-12-14,1.019,1.021,1.024,1.013,440415,44991308.0
2021-12-15,1.02,1.017,1.025,1.016,550695,56259347.0
2021-12-16,1.013,1.023,1.024,1.013,442818,45192966.0
2021-12-17,1.022,1.003,1.022,1.003,420836,42459552.0
2021-12-20,0.996,0.986,1.007,0.986,458668,45649201.0
2021-12-21,0.986,1.003,1.003,0.986,425842,42426932.0
2021-12-22,1.003,1.012,1.016,1.003,432799,43805253.0
2021-12-23,1.007,1.007,1.014,1.006,373223,37690158.0
2021-12-24,1.008,1.001,1.012,1.001,297526,29884818.0
2021-12-27,1.0,1.004,1.008,0.999,308343,30960972.0
2021-12-28,1.009,1.015,1.017,1.005,398274,40340167.0
2021-12-29,1.015,1.009,1.015,1.004,358516,36091996.0
2021-12-30,1.001,1.023,1.026,1.001,612579,62608544.0
2021-12-31,1.023,1.025,1.026,1.016,437255,44695002.0
2022-01-04,1.031,1.028,1.035,1.02,610932,62755428.0
2022-01-05,1.027,1.008,1.028,1.003,438367,44458557.0
2022-01-06,1.006,0.999,1.007,0.99,443883,44315788.0
2022-01-07,0.998,0.984,1.009,0.983,455058,45404549.0
2022-01-10,0.982,0.994,0.999,0.97,380124,37392899.0
2022-01-11,0.99,0.978,0.997,0.977,319927,31611990.0
2022-01-12,0.978,0.989,0.989,0.978,342337,33713728.0
2022-01-13,0.991,0.981,0.998,0.98,393222,38945062.0
2022-01-14,0.981,0.986,0.993,0.972,414773,40825371.0
2022-01-17,0.995,1.034,1.034,0.995,1074241,109966499.0
2022-01-18,1.039,1.041,1.066,1.038,1714935,180520885.0
2022-01-19,1.036,1.038,1.044,1.03,707697,73332069.0
2022-01-20,1.042,1.03,1.044,1.025,627414,64615726.0
2022-01-21,1.03,1.012,1.031,1.01,501299,51047299.0
2022-01-24,1.005,1.014,1.023,1.005,487583,49555400.0
2022-01-25,1.015,0.976,1.018,0.975,913147,90725709.0
2022-01-26,0.976,0.971,0.986,0.959,536060,52101345.0
2022-01-27,0.976,0.931,0.976,0.931,644515,61081354.0
2022-01-28,0.933,0.927,0.944,0.923,470849,44000364.0
2022-02-07,0.936,0.918,0.942,0.913,443643,40996634.0
2022-02-08,0.919,0.919,0.922,0.899,530166,48034184.0
2022-02-09,0.92,0.939,0.94,0.916,499024,46338556.0
2022-02-10,0.939,0.935,0.941,0.93,396582,37071025.0
2022-02-11,0.935,0.924,0.938,0.917,474605,43966595.0
2022-02-14,0.917,0.918,0.926,0.9,400485,36724215.0
2022-02-15,0.917,0.932,0.932,0.915,379806,35220979.0
2022-02-16,0.939,0.932,0.942,0.928,406373,37941289.0
2022-02-17,0.935,0.927,0.936,0.922,375691,34962611.0
2022-02-18,0.926,0.946,0.946,0.926,478530,44929958.0
2022-02-21,0.95,0.974,0.975,0.95,810562,78495763.0
2022-02-22,0.966,0.965,0.966,0.951,501661,47950678.0
2022-02-23,0.968,0.979,0.982,0.96,484178,47139625.0
2022-02-24,0.97,0.947,0.977,0.935,596288,57257850.0
2022-02-25,0.955,0.952,0.964,0.948,667075,63699532.0
2022-02-28,0.954,0.951,0.956,0.938,407050,38496000.0
2022-03-01,0.95,0.953,0.954,0.946,383667,36494703.0
2022-03-02,0.947,0.948,0.949,0.941,534306,50493283.0
2022-03-03,0.948,0.93,0.951,0.929,468386,43873433.0
2022-03-04,0.924,0.92,0.936,0.916,455050,42139318.0
2022-03-07,0.918,0.887,0.919,0.881,671567,60115558.0
2022-03-08,0.887,0.873,0.895,0.868,511138,45106919.0
2022-03-09,0.876,0.867,0.88,0.828,439435,37748753.0
2022-03-10,0.875,0.873,0.887,0.873,359682,31637557.0
2022-03-11,0.862,0.882,0.883,0.852,433747,37567503.0
2022-03-14,0.88,0.858,0.88,0.857,377610,32816183.0
2022-03-15,0.859,0.821,0.86,0.82,508553,42634482.0
2022-03-16,0.833,0.85,0.854,0.809,466020,38527752.0
2022-03-17,0.857,0.868,0.878,0.857,481445,41858427.0
2022-03-18,0.868,0.866,0.868,0.855,533083,45924653.0
2022-03-21,0.865,0.862,0.869,0.852,528510,45619341.0
2022-03-22,0.859,0.857,0.863,0.853,405712,34802024.0
2022-03-23,0.862,0.859,0.865,0.853,396154,34064054.0
2022-03-24,0.858,0.839,0.858,0.838,472181,39746221.0
2022-03-25,0.839,0.83,0.848,0.829,489143,40995803.0
2022-03-28,0.826,0.821,0.828,0.814,500612,41031675.0
2022-03-29,0.823,0.808,0.824,0.804,521518,42380544.0
2022-03-30,0.809,0.823,0.825,0.809,349431,28582873.0
2022-03-31,0.82,0.817,0.821,0.813,337259,27511520.0
2022-04-01,0.817,0.816,0.821,0.808,375687,30670793.0
2022-04-06,0.816,0.809,0.819,0.805,421533,34086177.0
2022-04-07,0.812,0.787,0.813,0.787,663525,52924284.0
2022-04-08,0.786,0.777,0.789,0.769,647881,50400492.0
2022-04-11,0.777,0.742,0.778,0.737,683993,51461524.0
2022-04-12,0.735,0.753,0.754,0.728,760300,56049361.0
2022-04-13,0.752,0.74,0.752,0.739,625546,46664362.0
2022-04-14,0.745,0.748,0.752,0.738,512915,38194521.0
2022-04-15,0.749,0.75,0.755,0.736,513516,38339622.0
2022-04-18,0.748,0.762,0.765,0.744,642951,48703062.0
2022-04-19,0.761,0.752,0.769,0.75,549043,41504043.0
2022-04-20,0.752,0.745,0.761,0.744,588838,44297031.0
2022-04-21,0.744,0.729,0.751,0.725,813542,60215144.0
2022-04-22,0.728,0.714,0.728,0.712,527216,37864527.0
2022-04-25,0.702,0.668,0.708,0.666,668362,46073793.0
2022-04-26,0.674,0.641,0.674,0.64,860781,57026363.0
2022-04-27,0.637,0.674,0.678,0.633,805879,52710490.0
2022-04-28,0.672,0.667,0.678,0.66,747345,49927395.0
2022-04-29,0.669,0.702,0.705,0.669,735894,50359365.0
2022-05-05,0.7,0.691,0.701,0.687,870867,60334857.0
2022-05-06,0.679,0.678,0.688,0.668,774422,52416238.0
2022-05-09,0.677,0.671,0.681,0.667,779670,52477165.0
2022-05-10,0.665,0.683,0.686,0.658,854528,58022456.0
2022-05-11,0.684,0.696,0.713,0.682,646508,45470386.0
2022-05-12,0.693,0.698,0.702,0.69,506283,35224472.0
2022-05-13,0.704,0.693,0.705,0.686,502760,34783600.0
2022-05-16,0.693,0.687,0.703,0.685,530795,36699914.0
2022-05-17,0.684,0.696,0.697,0.683,525982,36375886.0
2022-05-18,0.701,0.7,0.708,0.694,668897,46805543.0
2022-05-19,0.69,0.7,0.7,0.685,569314,39462413.0
2022-05-20,0.7,0.709,0.71,0.698,632442,44531393.0
2022-05-23,0.711,0.717,0.717,0.707,558399,39784351.0
2022-05-24,0.717,0.685,0.72,0.683,685077,48161636.0
2022-05-25,0.684,0.689,0.692,0.681,409894,28092653.0
2022-05-26,0.69,0.691,0.696,0.674,475725,32725045.0
2022-05-27,0.693,0.689,0.703,0.683,528507,36556647.0
2022-05-30,0.691,0.704,0.706,0.687,564984,39486206.0
2022-05-31,0.703,0.718,0.72,0.696,590498,41878433.0
2022-06-01,0.718,0.719,0.725,0.714,514721,37070628.0
2022-06-02,0.717,0.737,0.738,0.715,609888,44376985.0
2022-06-06,0.739,0.769,0.769,0.736,655299,49490839.0
2022-06-07,0.771,0.758,0.774,0.751,511323,38712273.0
2022-06-08,0.758,0.762,0.773,0.752,525621,40036707.0
2022-06-09,0.763,0.74,0.765,0.736,523680,39116417.0
2022-06-10,0.733,0.748,0.75,0.732,572731,42565653.0
2022-06-13,0.742,0.743,0.749,0.736,522703,38771332.0
2022-06-14,0.735,0.739,0.74,0.714,528180,38238519.0
2022-06-15,0.745,0.748,0.757,0.736,703016,52615631.0
2022-06-16,0.751,0.753,0.76,0.748,596371,45000865.0
2022-06-17,0.752,0.751,0.752,0.732,749249,55646558.0
2022-06-20,0.751,0.762,0.765,0.749,597896,45347495.0
2022-06-21,0.76,0.758,0.765,0.75,688696,52206733.0
2022-06-22,0.762,0.741,0.766,0.739,474668,35618044.0
2022-06-23,0.74,0.755,0.755,0.736,557485,41638066.0
2022-06-24,0.757,0.766,0.768,0.755,514148,39185452.0
2022-06-27,0.766,0.773,0.778,0.766,553993,42806034.0
2022-06-28,0.773,0.786,0.79,0.761,607785,47106588.0
2022-06-29,0.785,0.781,0.802,0.78,647568,51186113.0
2022-06-30,0.777,0.788,0.793,0.777,579231,45529729.0
2022-07-01,0.781,0.784,0.791,0.779,466799,36657834.0
2022-07-04,0.78,0.781,0.781,0.77,527132,40916579.0
2022-07-05,0.785,0.77,0.786,0.76,524006,40359330.0
2022-07-06,0.769,0.769,0.778,0.761,514274,39625791.0
2022-07-07,0.769,0.762,0.769,0.756,423287,32304878.0
2022-07-08,0.763,0.763,0.774,0.762,484868,37211953.0
2022-07-11,0.76,0.746,0.76,0.74,577277,43044007.0
2022-07-12,0.746,0.728,0.747,0.728,537843,39494961.7
2022-07-13,0.728,0.726,0.731,0.721,579089,42021339.35
2022-07-14,0.725,0.73,0.738,0.722,472084,34560798.992
2022-07-15,0.728,0.723,0.739,0.722,507187,37035870.737
2022-07-18,0.723,0.736,0.737,0.716,494863,36039598.449
2022-07-19,0.733,0.747,0.747,0.732,554106,41108617.461
2022-07-20,0.749,0.75,0.753,0.745,438067,32834489.847
2022-07-21,0.746,0.753,0.759,0.746,554960,41991418.476
2022-07-22,0.758,0.742,0.758,0.736,522204,38885095.707
2022-07-25,0.743,0.736,0.745,0.731,463616,34129589.202
2022-07-26,0.735,0.742,0.743,0.731,539665,39824706.81
2022-07-27,0.74,0.745,0.748,0.739,627230,46670915.117
2022-07-28,0.748,0.76,0.763,0.748,766076,58113281.719
2022-07-29,0.76,0.748,0.761,0.746,528509,39703939.6
2022-08-01,0.744,0.758,0.758,0.736,556648,41723641.1
2022-08-02,0.753,0.732,0.753,0.726,640800,47127447.398
2022-08-03,0.73,0.744,0.76,0.73,701473,52508818.252
2022-08-04,0.75,0.752,0.756,0.745,529640,39683390.392
2022-08-05,0.755,0.786,0.786,0.754,828318,64049370.366
2022-08-08,0.787,0.783,0.791,0.776,507439,39588784.899
2022-08-09,0.784,0.78,0.784,0.77,591245,45808792.113
2022-08-10,0.772,0.769,0.779,0.767,549761,42458201.096
2022-08-11,0.77,0.784,0.784,0.77,611260,47583125.921
2022-08-12,0.787,0.774,0.789,0.771,569065,44106876.573
2022-08-15,0.767,0.757,0.772,0.756,887649,67331811.882
2022-08-16,0.759,0.753,0.761,0.75,744552,56135409.923
2022-08-17,0.755,0.759,0.759,0.746,601471,45247589.941
2022-08-18,0.754,0.755,0.756,0.75,484600,36521804.618
2022-08-19,0.755,0.74,0.764,0.739,792642,59398935.1
2022-08-22,0.737,0.742,0.742,0.729,430944,31823133.729
2022-08-23,0.741,0.74,0.743,0.737,433920,32103003.724
2022-08-24,0.74,0.711,0.74,0.709,846074,60867049.138
2022-08-25,0.714,0.705,0.715,0.696,720788,50629897.559
2022-08-26,0.705,0.698,0.709,0.695,755737,53034025.745
2022-08-29,0.691,0.696,0.698,0.685,590907,40951097.2
2022-08-30,0.697,0.701,0.705,0.695,464314,32430344.7
2022-08-31,0.698,0.693,0.702,0.686,725424,50250287.278
2022-09-01,0.693,0.692,0.702,0.691,607868,42337391.388
2022-09-02,0.694,0.698,0.701,0.692,502094,34972886.19
2022-09-05,0.691,0.687,0.695,0.682,531534,36464026.285
2022-09-06,0.688,0.69,0.69,0.682,522299,35850700.335
2022-09-07,0.689,0.695,0.7,0.687,546787,37989735.392
2022-09-08,0.697,0.685,0.697,0.685,479800,33051817.274
2022-09-09,0.684,0.69,0.69,0.681,574422,39406310.476
2022-09-13,0.691,0.692,0.698,0.69,455836,31590610.5
2022-09-14,0.685,0.687,0.688,0.68,494622,33829721.1
2022-09-15,0.688,0.672,0.69,0.666,691960,46811517.209
2022-09-16,0.672,0.67,0.683,0.67,644447,43608138.222
2022-09-19,0.672,0.658,0.672,0.655,578301,38263472.24
2022-09-20,0.658,0.659,0.664,0.655,526065,34692035.333
2022-09-21,0.659,0.656,0.661,0.645,480790,31406941.7
2022-09-22,0.652,0.655,0.664,0.651,451054,29704860.656
2022-09-23,0.651,0.641,0.656,0.637,602670,38949722.26
2022-09-26,0.639,0.635,0.645,0.634,488542,31230296.679
2022-09-27,0.634,0.648,0.649,0.634,552705,35429154.041
2022-09-28,0.646,0.636,0.648,0.636,499962,32118813.036
2022-09-29,0.642,0.635,0.646,0.631,501868,32059407.494
2022-09-30,0.636,0.627,0.638,0.626,490734,30998869.037
2022-10-10,0.626,0.597,0.627,0.595,718854,43461902.335
2022-10-11,0.6,0.597,0.601,0.59,539305,32107330.449
2022-10-12,0.597,0.614,0.615,0.588,697561,41646882.295
2022-10-13,0.612,0.624,0.632,0.606,714538,44626456.39
2022-10-14,0.632,0.639,0.641,0.626,659615,41909116.556
2022-10-17,0.632,0.653,0.654,0.632,648385,42143508.311
2022-10-18,0.656,0.65,0.658,0.646,611973,39768887.996
2022-10-19,0.648,0.643,0.65,0.642,589628,38104477.532
2022-10-20,0.642,0.65,0.659,0.636,672372,43521660.536
2022-10-21,0.651,0.65,0.653,0.639,618457,39971526.771
2022-10-24,0.651,0.648,0.665,0.642,579667,37822189.104
2022-10-25,0.643,0.638,0.647,0.63,625774,39945224.174
2022-10-26,0.64,0.659,0.663,0.632,754875,49392751.026
2022-10-27,0.663,0.665,0.675,0.66,718743,47965833.467
2022-10-28,0.666,0.646,0.67,0.642,690509,45286081.1
2022-10-31,0.639,0.664,0.67,0.638,670374,44304002.825
2022-11-01,0.663,0.678,0.68,0.661,687714,46161712.762
2022-11-02,0.68,0.688,0.69,0.676,690085,47183641.081
2022-11-03,0.688,0.687,0.692,0.679,601645,41205441.381
2022-11-04,0.687,0.695,0.697,0.682,634901,43924034.346
2022-11-07,0.693,0.691,0.703,0.687,657590,45530613.255
2022-11-08,0.691,0.69,0.692,0.681,604960,41539500.4
2022-11-09,0.688,0.682,0.692,0.68,494323,33892708.832
2022-11-10,0.68,0.677,0.687,0.673,519447,35262931.864
2022-11-11,0.69,0.685,0.698,0.68,589961,40499929.947
2022-11-14,0.687,0.684,0.695,0.679,531713,36428318.501
2022-11-15,0.683,0.713,0.714,0.681,999778,70420348.98
2022-11-16,0.713,0.71,0.721,0.706,541125,38522697.168
2022-11-17,0.712,0.726,0.726,0.7,698641,49638947.728
2022-11-18,0.727,0.714,0.734,0.71,604006,43767261.663
2022-11-21,0.71,0.711,0.715,0.698,595026,41926077.502
2022-11-22,0.712,0.699,0.713,0.697,493044,34748559.405
2022-11-23,0.697,0.697,0.704,0.686,580712,40241792.082
2022-11-24,0.693,0.69,0.7,0.689,495798,34324605.631
2022-11-25,0.689,0.683,0.694,0.682,464347,31856805.372
2022-11-28,0.676,0.674,0.68,0.67,514637,34677321.84
2022-11-29,0.674,0.69,0.691,0.673,575501,39268425.6
2022-11-30,0.69,0.687,0.69,0.683,389625,26741955.24
2022-12-01,0.694,0.7,0.704,0.693,544853,38154693.914
2022-12-02,0.699,0.702,0.712,0.697,563299,39793207.8
2022-12-05,0.706,0.709,0.71,0.703,537356,38002465.906
2022-12-06,0.708,0.715,0.721,0.706,582702,41770915.315
2022-12-07,0.712,0.712,0.714,0.707,499201,35424354.208
2022-12-08,0.712,0.702,0.712,0.701,439284,30873895.116
2022-12-09,0.705,0.703,0.707,0.697,512157,35929886.655
2022-12-12,0.703,0.717,0.721,0.7,663678,47353242.221
2022-12-13,0.717,0.702,0.719,0.7,512704,36250472.505
2022-12-14,0.71,0.702,0.712,0.701,462994,32720639.8
2022-12-15,0.707,0.709,0.712,0.697,440041,31134516.009
2022-12-16,0.707,0.694,0.707,0.693,403679,28140189.1
2022-12-19,0.694,0.682,0.698,0.679,481909,33105645.843
2022-12-20,0.682,0.671,0.688,0.668,502359,33907085.05
2022-12-21,0.674,0.664,0.675,0.662,507889,33955361.468
2022-12-22,0.675,0.665,0.676,0.663,382872,25659199.774
2022-12-23,0.664,0.667,0.674,0.663,463806,30948805.738
2022-12-26,0.673,0.675,0.678,0.667,389252,26245414.7
2022-12-27,0.684,0.678,0.684,0.671,352727,23832479.626
2022-12-28,0.676,0.668,0.677,0.666,358045,23960644.335
2022-12-29,0.664,0.672,0.678,0.664,338747,22752371.738
2022-12-30,0.677,0.673,0.678,0.671,378812,25516978.672
2023-01-03,0.677,0.695,0.698,0.67,811961,55770778.957
2023-01-04,0.695,0.698,0.702,0.692,459589,32034285.7
2023-01-05,0.7,0.71,0.711,0.698,519467,36609663.0
2023-01-06,0.707,0.706,0.71,0.703,395939,27978436.461
2023-01-09,0.707,0.703,0.711,0.701,415601,29340037.52
2023-01-10,0.705,0.706,0.709,0.7,391689,27584533.015
2023-01-11,0.708,0.693,0.708,0.691,477683,33305695.6
2023-01-12,0.694,0.695,0.699,0.689,471145,32662252.255
2023-01-13,0.694,0.697,0.698,0.691,341801,23718764.77
2023-01-16,0.695,0.721,0.724,0.693,642862,46043353.957
2023-01-17,0.721,0.725,0.73,0.719,334481,24269866.148
2023-01-18,0.725,0.733,0.737,0.723,429611,31445690.35
2023-01-19,0.732,0.756,0.757,0.73,616690,46148060.898
2023-01-20,0.758,0.762,0.77,0.756,855025,65364853.521
2023-01-30,0.778,0.771,0.783,0.768,807287,62511800.876
2023-01-31,0.77,0.755,0.771,0.75,664297,50289760.152
2023-02-01,0.755,0.771,0.771,0.753,733748,55964922.489
2023-02-02,0.778,0.775,0.783,0.77,1031509,80123045.848
2023-02-03,0.773,0.781,0.782,0.761,1133113,87226973.8
2023-02-06,0.779,0.782,0.791,0.773,1387991,108376588.303
2023-02-07,0.779,0.782,0.785,0.773,942335,73446224.39
2023-02-08,0.784,0.779,0.789,0.777,760193,59432042.313
2023-02-09,0.77,0.807,0.808,0.77,1681165,133419831.331
2023-02-10,0.81,0.796,0.812,0.79,1447762,116099855.427
2023-02-13,0.792,0.81,0.81,0.79,1124711,90102556.0
2023-02-14,0.812,0.805,0.815,0.797,980793,78867907.503
2023-02-15,0.806,0.826,0.827,0.799,1708291,139464129.591
2023-02-16,0.826,0.811,0.839,0.801,1852321,152671419.07
2023-02-17,0.808,0.78,0.809,0.776,1761556,139341921.45
2023-02-20,0.775,0.807,0.808,0.775,1844050,146078689.786
2023-02-21,0.808,0.803,0.816,0.796,1550036,124973313.444
2023-02-22,0.797,0.807,0.811,0.791,1979558,158811551.537
2023-02-23,0.804,0.795,0.806,0.789,992909,79086275.204
2023-02-24,0.793,0.8,0.805,0.79,1138296,90975578.944
2023-02-27,0.793,0.787,0.799,0.784,879768,69522809.149
2023-02-28,0.798,0.803,0.81,0.79,1367382,109514102.1
2023-03-01,0.802,0.834,0.836,0.8,2108097,173404309.787
2023-03-02,0.836,0.835,0.841,0.829,2468670,206099914.105
2023-03-03,0.828,0.822,0.829,0.811,1789361,146822270.616
2023-03-06,0.817,0.823,0.826,0.817,1031296,84714718.119
2023-03-07,0.82,0.802,0.826,0.8,1006005,81643518.496
2023-03-08,0.801,0.811,0.812,0.799,937140,75412180.847
2023-03-09,0.808,0.815,0.817,0.802,999093,80945698.696
2023-03-10,0.807,0.803,0.815,0.801,1100505,88910161.986
2023-03-13,0.8,0.828,0.829,0.796,1132458,92425788.539
2023-03-14,0.825,0.825,0.833,0.809,969544,79680262.577
2023-03-15,0.828,0.82,0.836,0.819,695214,57523715.925
2023-03-16,0.815,0.811,0.826,0.809,962134,78588315.046
2023-03-17,0.818,0.846,0.851,0.818,1861947,155936525.943
2023-03-20,0.851,0.848,0.868,0.846,2208845,189128117.826
2023-03-21,0.841,0.854,0.857,0.838,951553,80756490.246
2023-03-22,0.85,0.875,0.877,0.846,2248963,194141222.537
2023-03-23,0.872,0.92,0.92,0.87,2615969,235044180.06
2023-03-24,0.92,0.942,0.942,0.907,3827291,354804476.153
2023-03-27,0.942,0.936,0.953,0.917,3713380,347560162.722
2023-03-28,0.931,0.914,0.932,0.906,3406949,312940265.166
2023-03-29,0.904,0.921,0.938,0.896,3115305,286199618.502
2023-03-30,0.917,0.91,0.926,0.9,2881159,262997423.294
2023-03-31,0.908,0.935,0.936,0.896,3094339,282929095.625
2023-04-03,0.94,0.979,0.98,0.939,3065989,294059254.739
2023-04-04,0.979,1.0,1.017,0.975,3427397,341090474.726
2023-04-06,0.977,0.999,1.017,0.977,3446598,345469335.343
2023-04-07,1.0,1.015,1.019,0.993,2176360,219319923.617
2023-04-10,1.027,0.964,1.032,0.96,2959806,294499239.102
2023-04-11,0.963,0.971,0.981,0.95,2253320,218085891.574
2023-04-12,0.97,1.002,1.007,0.966,2771596,274698037.813
2023-04-13,0.995,0.958,0.995,0.955,2507334,244298389.616
2023-04-14,0.959,0.964,0.968,0.934,1882489,179600936.219
2023-04-17,0.958,0.956,0.962,0.943,1956552,186244045.207
2023-04-18,0.953,0.961,0.966,0.939,2423106,230738484.145
2023-04-19,0.961,0.964,0.988,0.959,2930046,285294417.682
2023-04-20,0.96,0.996,0.996,0.96,3842397,376171438.667
2023-04-21,0.995,0.935,0.995,0.933,3475365,332722613.979
2023-04-24,0.93,0.926,0.939,0.919,2402559,223222993.096
2023-04-25,0.92,0.921,0.935,0.905,2310768,212699740.835
2023-04-26,0.917,0.88,0.92,0.873,3465747,309136983.941
2023-04-27,0.87,0.87,0.891,0.861,2420976,212030268.316
2023-04-28,0.863,0.891,0.893,0.861,2798026,246610477.813
2023-05-04,0.888,0.876,0.889,0.863,1899108,166174643.281
2023-05-05,0.876,0.86,0.88,0.852,3451393,297960647.075
2023-05-08,0.867,0.882,0.883,0.857,3382356,295858310.015
2023-05-09,0.88,0.872,0.89,0.872,3345248,294616299.103
2023-05-10,0.869,0.867,0.882,0.858,2865493,249299809.798
2023-05-11,0.869,0.855,0.874,0.853,1751593,150862260.914
2023-05-12,0.853,0.847,0.861,0.845,2281742,194669475.659
2023-05-15,0.846,0.852,0.853,0.828,1992517,167562130.621
2023-05-16,0.855,0.834,0.855,0.833,1824805,153659965.132
2023-05-17,0.831,0.84,0.847,0.827,1789244,150080918.396
2023-05-18,0.844,0.862,0.867,0.838,4091163,350966347.963
2023-05-19,0.868,0.868,0.876,0.861,2984308,259622935.898
2023-05-22,0.868,0.862,0.87,0.851,2280300,196099408.772
2023-05-23,0.857,0.847,0.861,0.847,1779140,151765833.966
2023-05-24,0.845,0.84,0.857,0.835,2823608,238587491.944
2023-05-25,0.844,0.849,0.86,0.829,4883056,411723131.875
2023-05-26,0.85,0.868,0.871,0.846,4952030,426228860.323
2023-05-29,0.876,0.861,0.883,0.86,3601112,313182176.6
2023-05-30,0.857,0.89,0.892,0.851,4436869,388786403.863
2023-05-31,0.89,0.905,0.906,0.886,5025171,450814708.9
2023-06-01,0.897,0.917,0.933,0.894,5220678,478598657.674
2023-06-02,0.922,0.916,0.924,0.91,3066402,281125758.547
2023-06-05,0.915,0.918,0.925,0.912,2252982,206716197.701
2023-06-06,0.917,0.889,0.918,0.884,4004367,361378154.112
2023-06-07,0.888,0.894,0.901,0.881,2802132,250359880.148
2023-06-08,0.89,0.884,0.892,0.871,2647345,233495685.221
2023-06-09,0.883,0.896,0.896,0.872,3029216,267643669.527
2023-06-12,0.898,0.907,0.915,0.896,2949044,267251546.746
2023-06-13,0.904,0.941,0.945,0.895,3822929,354315538.994
2023-06-14,0.938,0.945,0.954,0.926,3313114,311536062.727
2023-06-15,0.95,0.94,0.955,0.935,3084907,290665002.391
2023-06-16,0.933,0.976,0.978,0.93,4745634,453803452.439
2023-06-19,0.977,1.013,1.014,0.976,4052187,403261150.226
2023-06-20,1.008,1.032,1.034,0.998,4450668,451556496.425
2023-06-21,1.021,0.98,1.022,0.98,4692110,468926090.701
2023-06-26,0.962,0.929,0.974,0.925,3336194,316601854.564
2023-06-27,0.928,0.931,0.94,0.917,4059040,376821755.883
2023-06-28,0.924,0.896,0.925,0.88,3848958,344687456.745
2023-06-29,0.892,0.904,0.906,0.888,2735303,245577136.142
2023-06-30,0.894,0.908,0.914,0.892,2485491,224198332.286
2023-07-03,0.908,0.909,0.913,0.884,3057001,275137387.524
2023-07-04,0.9,0.932,0.939,0.9,2889368,266608187.37
2023-07-05,0.926,0.913,0.933,0.91,2150362,198220230.802
2023-07-06,0.905,0.919,0.935,0.903,3086665,285065100.841
2023-07-07,0.913,0.907,0.917,0.886,2641579,238369402.015
2023-07-10,0.906,0.9,0.908,0.895,1903745,171459862.694
2023-07-11,0.896,0.92,0.923,0.896,2425312,221656265.807
2023-07-12,0.914,0.892,0.92,0.89,3221889,290839941.56
2023-07-13,0.897,0.91,0.913,0.891,3084654,277860912.708
2023-07-14,0.912,0.918,0.93,0.912,2592493,238717977.833
2023-07-17,0.915,0.92,0.929,0.911,2135262,196475076.256
2023-07-18,0.921,0.905,0.924,0.905,2159764,197314560.385
2023-07-19,0.914,0.904,0.921,0.9,1637059,149033689.545
2023-07-20,0.904,0.869,0.906,0.868,3349351,296521323.693
2023-07-21,0.865,0.863,0.872,0.855,2201855,190217841.565
2023-07-24,0.858,0.864,0.882,0.856,2160735,187524094.505
2023-07-25,0.876,0.883,0.887,0.866,2586232,227062383.606
2023-07-26,0.88,0.863,0.881,0.861,2361210,204599837.05
2023-07-27,0.864,0.859,0.869,0.854,2213267,190736113.375
2023-07-28,0.852,0.864,0.866,0.85,2333465,200487370.257
2023-07-31,0.864,0.871,0.879,0.86,2567456,223943017.582
2023-08-01,0.867,0.876,0.88,0.861,2829161,246480373.551
2023-08-02,0.871,0.875,0.879,0.868,2413860,210995145.806
2023-08-03,0.87,0.874,0.88,0.866,1793702,156506716.252
2023-08-04,0.877,0.896,0.899,0.875,3542614,314942863.611
2023-08-07,0.896,0.898,0.911,0.892,3806274,342730246.684
2023-08-08,0.896,0.889,0.9,0.888,3594743,321554324.308
2023-08-09,0.885,0.87,0.891,0.867,2876767,252333845.989
2023-08-10,0.865,0.867,0.872,0.862,1663548,144164365.887
2023-08-11,0.868,0.846,0.873,0.846,2299935,197288748.37
2023-08-14,0.837,0.857,0.857,0.837,2482138,210106646.329
2023-08-15,0.859,0.843,0.862,0.835,2045740,173239447.635
2023-08-16,0.836,0.813,0.84,0.812,2511835,206847624.851
2023-08-17,0.809,0.821,0.827,0.804,1949022,159300130.616
2023-08-18,0.821,0.799,0.827,0.799,1677830,136163692.699
2023-08-21,0.798,0.8,0.814,0.796,1884365,151615681.723
2023-08-22,0.806,0.823,0.823,0.797,2851800,230245020.9
2023-08-23,0.817,0.793,0.817,0.792,3932701,315602319.7
2023-08-24,0.803,0.796,0.808,0.792,2614984,208984088.23
2023-08-25,0.782,0.76,0.782,0.752,3596296,275665412.611
2023-08-28,0.803,0.768,0.807,0.766,6122433,478103199.399
2023-08-29,0.767,0.797,0.801,0.764,3039616,239073948.903
2023-08-30,0.799,0.814,0.82,0.799,2970000,240398323.328
2023-08-31,0.812,0.814,0.821,0.805,2391660,194734222.406
2023-09-01,0.814,0.806,0.815,0.8,1396670,112588349.008
2023-09-04,0.809,0.813,0.813,0.802,2958623,238508983.163
2023-09-05,0.815,0.801,0.815,0.799,1784119,143841572.772
2023-09-06,0.798,0.804,0.805,0.788,1694405,135182779.606
2023-09-07,0.801,0.782,0.801,0.782,6954386,548008505.404
2023-09-08,0.78,0.78,0.785,0.774,1643998,128313575.0
2023-09-11,0.779,0.795,0.808,0.777,2146161,169942761.561
2023-09-12,0.794,0.794,0.802,0.792,1536791,122407326.685
2023-09-13,0.792,0.775,0.792,0.768,2412758,187359487.812
2023-09-14,0.775,0.768,0.778,0.763,1412055,108773259.771
2023-09-15,0.768,0.759,0.77,0.755,1726022,131394575.856
2023-09-18,0.756,0.757,0.767,0.753,1475506,112069660.975
2023-09-19,0.757,0.745,0.758,0.743,1575548,117752559.183
2023-09-20,0.747,0.741,0.753,0.74,1610989,120248518.496
2023-09-21,0.738,0.739,0.749,0.737,1427789,106047283.049
2023-09-22,0.737,0.777,0.777,0.737,4166477,317609048.069
2023-09-25,0.779,0.762,0.779,0.76,1984280,152153363.873
2023-09-26,0.762,0.773,0.785,0.762,2719082,211024322.5
2023-09-27,0.767,0.774,0.778,0.766,2620674,202790601.047
2023-09-28,0.775,0.777,0.782,0.772,2127297,165138694.414
2023-10-09,0.775,0.78,0.784,0.77,1989383,154729718.115
2023-10-10,0.781,0.779,0.785,0.774,1751060,136503777.439
2023-10-11,0.78,0.794,0.801,0.778,2550787,201748247.385
2023-10-12,0.797,0.789,0.798,0.784,1941881,153051887.424
2023-10-13,0.783,0.773,0.785,0.771,2260635,175848672.57
2023-10-16,0.772,0.76,0.773,0.756,2062658,157574996.523
2023-10-17,0.76,0.761,0.764,0.752,1395685,105814115.056
2023-10-18,0.753,0.746,0.756,0.735,2127371,158099485.29
2023-10-19,0.74,0.743,0.758,0.739,1742109,130740590.804
2023-10-20,0.739,0.718,0.743,0.718,3097405,225050287.522
2023-10-23,0.718,0.709,0.724,0.702,1926751,137091813.989
2023-10-24,0.712,0.71,0.72,0.702,1989641,140907587.126
2023-10-25,0.714,0.715,0.725,0.711,2202300,158167565.714
2023-10-26,0.709,0.716,0.716,0.704,1745813,123796403.5
2023-10-27,0.711,0.721,0.724,0.708,2376755,170334916.81
2023-10-30,0.717,0.737,0.741,0.717,3066422,224250559.886
2023-10-31,0.737,0.731,0.739,0.725,2119899,154800814.619
2023-11-01,0.73,0.727,0.737,0.726,2785427,203693333.626
2023-11-02,0.727,0.72,0.734,0.719,1716026,124780732.625
2023-11-03,0.723,0.738,0.741,0.722,2629706,193326368.712
2023-11-06,0.744,0.76,0.763,0.742,3546457,267598765.66
2023-11-07,0.76,0.773,0.779,0.756,3870200,297275993.339
2023-11-08,0.772,0.779,0.787,0.77,3094960,240994061.094
2023-11-09,0.777,0.778,0.786,0.771,2566044,199736932.443
2023-11-10,0.77,0.771,0.779,0.769,2216929,171351534.995
2023-11-13,0.777,0.782,0.794,0.777,2448610,192250226.726
2023-11-14,0.782,0.791,0.794,0.782,2027120,159946932.6
2023-11-15,0.805,0.792,0.805,0.789,2366070,188165431.317
2023-11-16,0.792,0.78,0.795,0.78,2010201,158314843.858
2023-11-17,0.777,0.789,0.79,0.777,1985501,155820449.661
2023-11-20,0.789,0.792,0.797,0.778,1763155,138904603.48
2023-11-21,0.791,0.781,0.796,0.778,2363642,185926131.88
2023-11-22,0.779,0.767,0.781,0.767,1909433,147636019.65
2023-11-23,0.766,0.776,0.778,0.757,1676168,128758836.688
2023-11-24,0.775,0.759,0.777,0.755,2291780,174602864.6
2023-11-27,0.755,0.76,0.763,0.753,1407443,106610329.3
2023-11-28,0.76,0.757,0.76,0.751,1429386,107999382.743
2023-11-29,0.756,0.752,0.761,0.751,1239649,93678757.146
2023-11-30,0.753,0.751,0.756,0.745,1463141,109653806.498
2023-12-01,0.751,0.773,0.775,0.747,3194378,243636528.351
2023-12-04,0.775,0.771,0.784,0.771,2716237,211306050.148
2023-12-05,0.765,0.747,0.768,0.746,2958136,223806374.727
2023-12-06,0.743,0.745,0.753,0.739,2249820,167708955.919
2023-12-07,0.749,0.754,0.76,0.744,2339859,175900644.415
2023-12-08,0.756,0.779,0.784,0.756,4792347,370613838.57
2023-12-11,0.772,0.796,0.797,0.769,4532539,355617569.348
2023-12-12,0.795,0.79,0.798,0.783,2809053,221924976.827
2023-12-13,0.79,0.779,0.794,0.778,3326180,261333531.637
2023-12-14,0.783,0.777,0.791,0.774,2614075,204627079.766
2023-12-15,0.779,0.766,0.781,0.763,3286918,252898342.797
2023-12-18,0.762,0.757,0.768,0.754,2501866,190575379.757
2023-12-19,0.757,0.763,0.767,0.751,2260886,171603924.6
2023-12-20,0.764,0.738,0.764,0.738,3591772,268597677.069
2023-12-21,0.734,0.749,0.758,0.733,3264242,243408345.868
2023-12-22,0.748,0.733,0.75,0.729,4055981,299621101.198
2023-12-25,0.733,0.736,0.741,0.725,1797983,132133831.627
2023-12-26,0.734,0.72,0.735,0.713,2223602,160310702.494
2023-12-27,0.721,0.723,0.729,0.72,2237464,162102182.625
2023-12-28,0.723,0.74,0.744,0.718,3244272,238242769.721
2023-12-29,0.74,0.749,0.753,0.739,2852490,213523121.449
2024-01-02,0.752,0.735,0.752,0.734,2464802,182299819.36
2024-01-03,0.731,0.715,0.731,0.709,3804695,273458716.743
2024-01-04,0.713,0.706,0.714,0.701,3002989,211847342.3
2024-01-05,0.706,0.69,0.707,0.686,2907151,202576117.109
2024-01-08,0.688,0.672,0.688,0.671,2447499,165950457.72
2024-01-09,0.675,0.671,0.682,0.664,3275690,220798150.34
2024-01-10,0.67,0.659,0.671,0.653,2880095,190612577.791
2024-01-11,0.659,0.676,0.679,0.657,3930575,263870783.473
2024-01-12,0.674,0.665,0.675,0.663,2193521,146628568.428
2024-01-15,0.66,0.66,0.669,0.657,2108923,139567585.665
2024-01-16,0.658,0.655,0.659,0.646,3256023,212285071.12
2024-01-17,0.655,0.644,0.66,0.644,2537647,165930396.435
2024-01-18,0.642,0.662,0.663,0.635,4118648,266149906.29
2024-01-19,0.658,0.655,0.666,0.655,3433700,226694795.989
2024-01-22,0.66,0.633,0.664,0.627,5463657,353800514.612
2024-01-23,0.633,0.65,0.655,0.627,3927306,252684103.793
2024-01-24,0.654,0.655,0.656,0.629,5884048,377716566.1
2024-01-25,0.65,0.67,0.671,0.644,5533087,365817902.638
2024-01-26,0.667,0.657,0.67,0.655,3540512,234435262.414
2024-01-29,0.656,0.635,0.659,0.633,3727395,239004371.342
2024-01-30,0.628,0.621,0.642,0.62,3190344,201362174.0
2024-01-31,0.616,0.597,0.62,0.596,3529885,214334393.782
2024-02-01,0.592,0.608,0.623,0.588,3898459,236724018.348
2024-02-02,0.607,0.583,0.617,0.567,4282337,254346994.116
2024-02-05,0.581,0.572,0.593,0.549,4779798,274212376.88
2024-02-06,0.565,0.618,0.619,0.562,4670457,278540369.314
2024-02-07,0.618,0.63,0.636,0.613,3909345,245810616.338
2024-02-08,0.634,0.651,0.663,0.634,3947533,257261697.704
2024-02-19,0.69,0.692,0.692,0.666,10878949,737497644.199
2024-02-20,0.689,0.683,0.689,0.673,6650574,452489355.516
2024-02-21,0.672,0.679,0.694,0.67,6306539,430050978.015
2024-02-22,0.69,0.699,0.706,0.69,7563092,527277171.803
2024-02-23,0.708,0.701,0.709,0.692,5445257,380243258.869
2024-02-26,0.698,0.707,0.716,0.695,5789757,409518200.693
2024-02-27,0.701,0.747,0.748,0.698,8634594,624994141.455
2024-02-28,0.748,0.712,0.763,0.711,11207220,829720128.239
2024-02-29,0.708,0.744,0.744,0.707,9135749,668705143.575
2024-03-01,0.743,0.774,0.777,0.741,8966675,682870053.667
2024-03-04,0.784,0.782,0.79,0.764,11418831,889841042.619
2024-03-05,0.773,0.781,0.8,0.769,11657539,915386669.387
2024-03-06,0.772,0.773,0.78,0.758,10293382,792482540.717
2024-03-07,0.774,0.752,0.781,0.75,10080420,768975815.073
2024-03-08,0.755,0.766,0.77,0.745,8895297,672926674.384
2024-03-11,0.752,0.774,0.775,0.748,8567620,652386392.658
2024-03-12,0.775,0.772,0.782,0.763,6794195,524585408.884
2024-03-13,0.782,0.775,0.788,0.772,7666898,598187175.926
2024-03-14,0.766,0.766,0.776,0.756,7087861,543113195.685
2024-03-15,0.763,0.779,0.779,0.755,8504890,652069980.019
2024-03-18,0.779,0.796,0.797,0.779,7506347,592250597.315
2024-03-19,0.792,0.786,0.798,0.785,6214767,491207987.916
2024-03-20,0.783,0.792,0.793,0.78,5840348,460376245.847
2024-03-21,0.798,0.787,0.804,0.787,7051503,560561835.141
2024-03-22,0.786,0.781,0.79,0.771,6570947,512541528.448
2024-03-25,0.78,0.765,0.788,0.763,5630449,437553614.983
2024-03-26,0.76,0.745,0.773,0.741,7177180,542522846.09
2024-03-27,0.744,0.717,0.746,0.717,6420090,468322494.774
2024-03-28,0.72,0.746,0.754,0.718,8195566,606002044.323
2024-03-29,0.743,0.738,0.743,0.726,5264313,386156881.755
2024-04-01,0.743,0.758,0.758,0.739,5830712,438272073.172
2024-04-02,0.754,0.742,0.756,0.736,6176842,460009184.852
2024-04-03,0.739,0.724,0.74,0.719,5809228,421664386.856
2024-04-08,0.72,0.719,0.73,0.718,4284945,309673736.506
2024-04-09,0.717,0.72,0.721,0.708,4194644,299846800.915
2024-04-10,0.719,0.701,0.719,0.696,5233225,368041974.541
2024-04-11,0.701,0.711,0.722,0.701,6117635,436894167.959
2024-04-12,0.715,0.715,0.728,0.715,5334573,384442464.16
2024-04-15,0.711,0.719,0.725,0.709,4398787,315954430.466
2024-04-16,0.715,0.699,0.719,0.696,5178906,365752903.557
2024-04-17,0.707,0.726,0.727,0.703,6025672,432762310.726
2024-04-18,0.72,0.721,0.732,0.711,4121354,297390591.316
2024-04-19,0.713,0.7,0.716,0.693,6519490,457511591.314
2024-04-22,0.681,0.693,0.697,0.669,4752386,326630341.757
2024-04-23,0.696,0.691,0.701,0.686,3454932,239186511.086
2024-04-24,0.696,0.716,0.718,0.693,6300841,446481143.091
2024-04-25,0.71,0.71,0.718,0.706,3424824,243345689.246
2024-04-26,0.716,0.738,0.742,0.716,7706968,565628114.353
2024-04-29,0.746,0.761,0.767,0.746,6956766,527868156.547
2024-04-30,0.764,0.758,0.768,0.753,5834026,443643080.146
2024-05-06,0.776,0.763,0.778,0.761,6215652,477248101.441
2024-05-07,0.763,0.753,0.772,0.75,5162696,391982997.282
2024-05-08,0.749,0.738,0.75,0.737,4065748,301314617.603
2024-05-09,0.739,0.747,0.748,0.736,4520990,335409393.122
2024-05-10,0.746,0.738,0.747,0.734,4022548,296929625.444
2024-05-13,0.733,0.734,0.741,0.727,3052888,224177928.024
2024-05-14,0.739,0.733,0.742,0.725,4491825,328994899.786
2024-05-15,0.731,0.723,0.735,0.723,3781039,275424716.104
2024-05-16,0.731,0.727,0.737,0.726,5157902,377133126.4
2024-05-17,0.725,0.735,0.735,0.72,4597120,334818904.692
2024-05-20,0.734,0.746,0.749,0.73,6191536,460064370.411
2024-05-21,0.746,0.741,0.748,0.739,3199972,237722932.837
2024-05-22,0.742,0.743,0.744,0.734,3685652,272517925.682
2024-05-23,0.747,0.728,0.748,0.727,5590631,409819858.0
2024-05-24,0.726,0.709,0.736,0.708,4993027,359951578.0
2024-05-27,0.71,0.719,0.719,0.702,5229523,371329940.379
2024-05-28,0.716,0.707,0.721,0.707,3591396,255864870.615
2024-05-29,0.711,0.707,0.715,0.703,2998363,212577880.103
2024-05-30,0.701,0.709,0.713,0.696,3665189,258640240.514
2024-05-31,0.709,0.712,0.721,0.705,3483137,248912441.798
2024-06-03,0.714,0.724,0.728,0.712,4672230,337248773.565
2024-06-04,0.723,0.727,0.728,0.718,3383446,244808414.294
2024-06-05,0.726,0.724,0.734,0.724,3706157,270264989.6
2024-06-06,0.729,0.72,0.733,0.718,4247423,308559167.678
2024-06-07,0.72,0.71,0.723,0.705,3612404,257400487.4
2024-06-11,0.707,0.72,0.721,0.705,3558272,254263794.85
2024-06-12,0.721,0.725,0.73,0.72,3253897,236134832.474
2024-06-13,0.726,0.73,0.735,0.722,3900568,284639671.358
2024-06-14,0.727,0.746,0.752,0.726,5667144,419879921.6
2024-06-17,0.744,0.746,0.752,0.743,3592697,268824519.722
2024-06-18,0.746,0.759,0.766,0.744,4546293,345261010.53
2024-06-19,0.763,0.752,0.765,0.751,3096745,234110684.344
2024-06-20,0.752,0.739,0.753,0.739,3651871,272083460.766
2024-06-21,0.733,0.744,0.745,0.727,2832450,208772051.826
2024-06-24,0.738,0.722,0.743,0.721,4188881,306736620.526
2024-06-25,0.72,0.703,0.721,0.698,3915597,277869431.997
2024-06-26,0.707,0.73,0.733,0.706,4359728,312831624.308
2024-06-27,0.726,0.716,0.729,0.715,2823708,203999969.235
2024-06-28,0.715,0.716,0.729,0.713,3558677,256882132.5
2024-07-01,0.716,0.718,0.722,0.703,3755731,267567581.652
2024-07-02,0.718,0.712,0.725,0.71,3690787,264692893.75
2024-07-03,0.713,0.706,0.714,0.7,4028424,284253172.8
2024-07-04,0.71,0.697,0.714,0.696,4047670,285713968.182
2024-07-05,0.696,0.7,0.704,0.688,3340608,232269834.135
2024-07-08,0.702,0.691,0.705,0.688,2896547,201793720.478
2024-07-09,0.689,0.714,0.717,0.689,5020007,353111237.109
2024-07-10,0.713,0.719,0.722,0.71,3223065,231313366.726
2024-07-11,0.73,0.726,0.735,0.714,4081925,295387713.94
2024-07-12,0.718,0.72,0.724,0.712,2627524,188470938.6
2024-07-15,0.72,0.715,0.721,0.711,2612242,187021517.2
2024-07-16,0.712,0.733,0.735,0.712,4357488,316090933.157
2024-07-17,0.731,0.723,0.737,0.723,3070434,223966785.352
2024-07-18,0.714,0.717,0.719,0.699,4738645,335953392.889
2024-07-19,0.711,0.726,0.732,0.71,4157572,301220680.755
2024-07-22,0.728,0.73,0.734,0.725,2780884,202972761.959
2024-07-23,0.73,0.703,0.73,0.702,3675798,262172482.384
2024-07-24,0.701,0.697,0.709,0.692,3767872,264073702.2
2024-07-25,0.689,0.685,0.693,0.681,3239123,222351263.204
2024-07-26,0.686,0.69,0.694,0.68,2613342,179575163.9
2024-07-29,0.691,0.688,0.695,0.686,1915720,132217368.4
2024-07-30,0.685,0.686,0.69,0.677,2188819,149448365.541
2024-07-31,0.683,0.709,0.71,0.682,4181831,293006981.3
2024-08-01,0.715,0.706,0.718,0.702,3358822,238214646.635
2024-08-02,0.696,0.682,0.701,0.681,4333849,298950652.9
2024-08-05,0.668,0.653,0.682,0.652,6117599,407765148.22
2024-08-06,0.663,0.659,0.668,0.651,3574359,235192065.032
2024-08-07,0.659,0.653,0.664,0.651,2460885,161737520.8
2024-08-08,0.649,0.65,0.656,0.639,3016975,195026276.832
2024-08-09,0.656,0.648,0.658,0.648,2458775,160643836.44
2024-08-12,0.647,0.644,0.651,0.642,1937946,125135676.8
2024-08-13,0.644,0.649,0.651,0.642,1798426,116394825.5
2024-08-14,0.653,0.647,0.654,0.647,1614118,104964165.8
2024-08-15,0.645,0.651,0.658,0.644,2495645,162426528.923
2024-08-16,0.653,0.652,0.658,0.651,2008592,131479202.756
2024-08-19,0.653,0.655,0.661,0.651,1920132,126030549.6
2024-08-20,0.656,0.646,0.658,0.643,1939281,125796002.1
2024-08-21,0.642,0.647,0.654,0.642,1650596,106977973.8
2024-08-22,0.647,0.634,0.65,0.634,2166348,138723011.751
2024-08-23,0.633,0.637,0.64,0.63,1775107,112803816.7
2024-08-26,0.639,0.632,0.641,0.629,1679252,106517696.8
2024-08-27,0.63,0.622,0.63,0.62,1607918,100406553.259
2024-08-28,0.622,0.622,0.624,0.616,1702760,105589168.31
2024-08-29,0.615,0.623,0.628,0.61,2132442,131972980.9
2024-08-30,0.621,0.639,0.646,0.62,3697413,236099599.178
2024-09-02,0.636,0.617,0.641,0.617,2921574,183002808.836
2024-09-03,0.617,0.627,0.627,0.616,2075565,129402077.249
2024-09-04,0.617,0.621,0.627,0.614,1852995,114870837.0
2024-09-05,0.621,0.624,0.634,0.621,1982423,124133052.431
2024-09-06,0.626,0.615,0.626,0.613,1782728,110303993.0
2024-09-09,0.61,0.61,0.614,0.605,1978189,120476183.3
2024-09-10,0.611,0.621,0.626,0.605,2898506,178257928.563
2024-09-11,0.62,0.624,0.625,0.618,1894241,117850796.741
2024-09-12,0.628,0.621,0.634,0.621,1969281,123666513.099
2024-09-13,0.622,0.623,0.63,0.621,1948435,121976803.458
2024-09-18,0.62,0.622,0.625,0.613,1635544,101185230.528
2024-09-19,0.625,0.626,0.63,0.614,2670381,166287088.35
2024-09-20,0.626,0.625,0.629,0.62,1983553,123861819.398
2024-09-23,0.624,0.625,0.635,0.622,2235542,140689286.696
2024-09-24,0.629,0.652,0.653,0.621,4755898,303925726.013
2024-09-25,0.658,0.655,0.674,0.655,4920947,327385317.952
2024-09-26,0.656,0.684,0.684,0.653,4403658,293953500.026
2024-09-27,0.692,0.735,0.737,0.691,6549708,466217075.004
2024-09-30,0.77,0.809,0.809,0.753,9335889,733907171.31
2024-10-08,0.89,0.89,0.89,0.88,5877090,522614847.58
2024-10-09,0.916,0.898,0.978,0.869,16660392,1528359559.057
2024-10-10,0.898,0.862,0.91,0.845,9020031,789054960.096
2024-10-11,0.845,0.818,0.854,0.808,7028899,583363034.214
2024-10-14,0.819,0.848,0.848,0.8,6167089,509598709.054
2024-10-15,0.848,0.829,0.872,0.828,5686721,483637306.331
2024-10-16,0.806,0.808,0.825,0.801,4400447,357195016.36
2024-10-17,0.824,0.822,0.838,0.818,6361579,526884527.071
2024-10-18,0.821,0.883,0.904,0.817,9853642,851324741.81
2024-10-21,0.897,0.899,0.934,0.883,9141136,827501366.531
2024-10-22,0.896,0.89,0.902,0.879,5829369,519351550.514
2024-10-23,0.885,0.878,0.895,0.873,5036148,445298493.234
2024-10-24,0.872,0.873,0.884,0.863,4557430,398158087.33
2024-10-25,0.878,0.88,0.891,0.866,4884946,428505792.567
2024-10-28,0.88,0.88,0.88,0.867,3742293,327551316.387
2024-10-29,0.879,0.872,0.9,0.866,5271837,464374043.391
2024-10-30,0.867,0.871,0.88,0.86,3498649,304193566.046
2024-10-31,0.872,0.881,0.891,0.859,5644518,495766637.13
2024-11-01,0.875,0.845,0.878,0.844,5498707,473074386.406
2024-11-04,0.843,0.864,0.865,0.84,3668902,314566475.493
2024-11-05,0.864,0.906,0.909,0.859,6849414,611387271.485
2024-11-06,0.908,0.903,0.921,0.895,5626584,511679298.506
2024-11-07,0.894,0.926,0.928,0.889,5238702,475649830.918
2024-11-08,0.933,0.931,0.962,0.927,6078465,574376508.187
2024-11-11,0.929,0.982,0.985,0.925,6721800,648994032.329
2024-11-12,0.987,0.962,0.987,0.949,5326648,515618693.317
2024-11-13,0.956,0.99,0.99,0.95,10660196,1039339339.366
2024-11-14,0.984,0.947,0.984,0.943,6352974,613267815.7
2024-11-15,0.945,0.918,0.962,0.917,5904564,556014809.859
2024-11-18,0.92,0.881,0.926,0.872,6911427,616188221.167
2024-11-19,0.88,0.899,0.903,0.861,5729971,504719611.545
2024-11-20,0.896,0.913,0.92,0.89,4709117,426882548.175
2024-11-21,0.911,0.919,0.928,0.902,7407205,679541383.207
2024-11-22,0.916,0.89,0.935,0.889,5934462,544189909.309
2024-11-25,0.891,0.882,0.9,0.857,4926526,429898861.375
2024-11-26,0.875,0.868,0.887,0.866,2595881,227406381.85
2024-11-27,0.865,0.897,0.897,0.854,4452555,390160675.07
2024-11-28,0.896,0.888,0.91,0.888,3897726,349600361.321
2024-11-29,0.886,0.913,0.922,0.884,4800116,434922070.704
2024-12-02,0.915,0.923,0.928,0.907,4714470,433643369.994
2024-12-03,0.923,0.908,0.923,0.9,5384687,490781570.024
2024-12-04,0.91,0.897,0.916,0.893,3664415,330846945.492
2024-12-05,0.894,0.91,0.915,0.894,4439978,403249073.72
2024-12-06,0.915,0.921,0.929,0.905,7736419,710758897.323
2024-12-09,0.922,0.912,0.927,0.902,4799571,438985167.951
2024-12-10,0.945,0.918,0.949,0.916,7806443,725954611.474
